Stages,Leader,Year,Yellow Jersey,Green jersey,White jersey,Polka-dot jersey
1.0,MAURICE GARIN,1903,,,,
2.0,MAURICE GARIN,1903,,,,
3.0,MAURICE GARIN,1903,,,,
4.0,MAURICE GARIN,1903,,,,
5.0,MAURICE GARIN,1903,,,,
6.0,MAURICE GARIN,1903,,,,
1.0,MAURICE GARIN,1904,,,,
2.0,EMILE LOMBARD,1904,,,,
3.0,HENRI CORNET (GEBOREN JARDY),1904,,,,
4.0,FRANÇOIS BEAUGENDRE,1904,,,,
5.0,HENRI CORNET (GEBOREN JARDY),1904,,,,
6.0,HENRI CORNET (GEBOREN JARDY),1904,,,,
1.0,LOUIS TROUSSELIER,1905,,,,
2.0,RENÉ POTTIER,1905,,,,
3.0,LOUIS TROUSSELIER,1905,,,,
4.0,LOUIS TROUSSELIER,1905,,,,
5.0,LOUIS TROUSSELIER,1905,,,,
6.0,LOUIS TROUSSELIER,1905,,,,
7.0,LOUIS TROUSSELIER,1905,,,,
8.0,LOUIS TROUSSELIER,1905,,,,
9.0,LOUIS TROUSSELIER,1905,,,,
10.0,LOUIS TROUSSELIER,1905,,,,
11.0,LOUIS TROUSSELIER,1905,,,,
1.0,EMILE GEORGET,1906,,,,
2.0,RENÉ POTTIER,1906,,,,
3.0,RENÉ POTTIER,1906,,,,
4.0,RENÉ POTTIER,1906,,,,
5.0,RENÉ POTTIER,1906,,,,
6.0,RENÉ POTTIER,1906,,,,
7.0,RENÉ POTTIER,1906,,,,
8.0,RENÉ POTTIER,1906,,,,
9.0,RENÉ POTTIER,1906,,,,
10.0,RENÉ POTTIER,1906,,,,
11.0,RENÉ POTTIER,1906,,,,
12.0,RENÉ POTTIER,1906,,,,
13.1,RENÉ POTTIER,1906,,,,
13.2,RENÉ POTTIER,1906,,,,
1.0,LOUIS TROUSSELIER,1907,,,,
2.0,LOUIS TROUSSELIER,1907,,,,
3.0,EMILE GEORGET,1907,,,,
4.0,EMILE GEORGET,1907,,,,
5.0,EMILE GEORGET,1907,,,,
6.0,EMILE GEORGET,1907,,,,
7.0,EMILE GEORGET,1907,,,,
8.0,EMILE GEORGET,1907,,,,
9.0,EMILE GEORGET,1907,,,,
10.0,LUCIEN MAZAN DIT PETIT-BRETON,1907,,,,
11.0,LUCIEN MAZAN DIT PETIT-BRETON,1907,,,,
12.0,LUCIEN MAZAN DIT PETIT-BRETON,1907,,,,
13.0,LUCIEN MAZAN DIT PETIT-BRETON,1907,,,,
14.0,LUCIEN MAZAN DIT PETIT-BRETON,1907,,,,
1.0,GEORGES PASSERIEU,1908,,,,
2.0,GEORGES PASSERIEU,1908,,,,
3.0,LUCIEN MAZAN DIT PETIT-BRETON,1908,,,,
4.0,LUCIEN MAZAN DIT PETIT-BRETON,1908,,,,
5.0,LUCIEN MAZAN DIT PETIT-BRETON,1908,,,,
6.0,LUCIEN MAZAN DIT PETIT-BRETON,1908,,,,
7.0,LUCIEN MAZAN DIT PETIT-BRETON,1908,,,,
8.0,LUCIEN MAZAN DIT PETIT-BRETON,1908,,,,
9.0,LUCIEN MAZAN DIT PETIT-BRETON,1908,,,,
10.0,LUCIEN MAZAN DIT PETIT-BRETON,1908,,,,
11.0,LUCIEN MAZAN DIT PETIT-BRETON,1908,,,,
12.0,LUCIEN MAZAN DIT PETIT-BRETON,1908,,,,
13.0,LUCIEN MAZAN DIT PETIT-BRETON,1908,,,,
14.1,LUCIEN MAZAN DIT PETIT-BRETON,1908,,,,
14.2,LUCIEN MAZAN DIT PETIT-BRETON,1908,,,,
1.0,CYRILLE VAN HAUWAERT,1909,,,,
2.0,FRANÇOIS FABER,1909,,,,
3.0,FRANÇOIS FABER,1909,,,,
4.0,FRANÇOIS FABER,1909,,,,
5.0,FRANÇOIS FABER,1909,,,,
6.0,FRANÇOIS FABER,1909,,,,
7.0,FRANÇOIS FABER,1909,,,,
8.0,FRANÇOIS FABER,1909,,,,
9.0,FRANÇOIS FABER,1909,,,,
10.0,FRANÇOIS FABER,1909,,,,
11.0,FRANÇOIS FABER,1909,,,,
12.0,FRANÇOIS FABER,1909,,,,
13.0,FRANÇOIS FABER,1909,,,,
14.0,FRANÇOIS FABER,1909,,,,
1.0,CHARLES CRUPELANDT,1910,,,,
2.0,FRANÇOIS FABER,1910,,,,
3.0,FRANÇOIS FABER,1910,,,,
4.0,FRANÇOIS FABER,1910,,,,
5.0,FRANÇOIS FABER,1910,,,,
6.0,FRANÇOIS FABER,1910,,,,
7.0,FRANÇOIS FABER,1910,,,,
8.0,FRANÇOIS FABER,1910,,,,
9.0,FRANÇOIS FABER,1910,,,,
10.0,FRANÇOIS FABER,1910,,,,
11.0,FRANÇOIS FABER,1910,,,,
12.0,FRANÇOIS FABER,1910,,,,
13.0,OCTAVE LAPIZE,1910,,,,
14.0,OCTAVE LAPIZE,1910,,,,
15.0,OCTAVE LAPIZE,1910,,,,
1.0,GUSTAVE GARRIGOU,1911,,,,
2.0,JULES MASSELIS,1911,,,,
3.0,FRANÇOIS FABER,1911,,,,
4.0,GUSTAVE GARRIGOU,1911,,,,
5.0,GUSTAVE GARRIGOU,1911,,,,
6.0,GUSTAVE GARRIGOU,1911,,,,
7.0,GUSTAVE GARRIGOU,1911,,,,
8.0,GUSTAVE GARRIGOU,1911,,,,
9.0,GUSTAVE GARRIGOU,1911,,,,
10.0,GUSTAVE GARRIGOU,1911,,,,
11.0,GUSTAVE GARRIGOU,1911,,,,
12.0,GUSTAVE GARRIGOU,1911,,,,
13.0,GUSTAVE GARRIGOU,1911,,,,
14.0,GUSTAVE GARRIGOU,1911,,,,
15.0,GUSTAVE GARRIGOU,1911,,,,
1.0,CHARLES CRUPELANDT,1912,,,,
2.0,VICENZO BORGARELLO,1912,,,,
3.0,ODIEL DEFRAEYE,1912,,,,
4.0,ODIEL DEFRAEYE,1912,,,,
5.0,ODIEL DEFRAEYE,1912,,,,
6.0,ODIEL DEFRAEYE,1912,,,,
7.0,ODIEL DEFRAEYE,1912,,,,
8.0,ODIEL DEFRAEYE,1912,,,,
9.0,ODIEL DEFRAEYE,1912,,,,
10.0,ODIEL DEFRAEYE,1912,,,,
11.0,ODIEL DEFRAEYE,1912,,,,
12.0,ODIEL DEFRAEYE,1912,,,,
13.0,ODIEL DEFRAEYE,1912,,,,
14.0,ODIEL DEFRAEYE,1912,,,,
15.0,ODIEL DEFRAEYE,1912,,,,
1.0,CLAUDIO MICHELOTTO,1913,,,,
2.0,JULES MASSELIS,1913,,,,
3.0,ODIEL DEFRAEYE,1913,,,,
4.0,ODIEL DEFRAEYE,1913,,,,
5.0,ODIEL DEFRAEYE,1913,,,,
6.0,ODIEL DEFRAEYE,1913,,,,
7.0,ODIEL DEFRAEYE,1913,,,,
8.0,MARCEL BUYSSE,1913,,,,
9.0,PHILIPPE THYS,1913,,,,
10.0,PHILIPPE THYS,1913,,,,
11.0,PHILIPPE THYS,1913,,,,
12.0,PHILIPPE THYS,1913,,,,
13.0,PHILIPPE THYS,1913,,,,
14.0,PHILIPPE THYS,1913,,,,
15.0,PHILIPPE THYS,1913,,,,
1.0,PHILIPPE THYS,1914,,,,
2.0,JEAN ROSSIUS,1914,,,,
3.0,JEAN ROSSIUS,1914,,,,
4.0,JEAN ROSSIUS,1914,,,,
5.0,JEAN ROSSIUS,1914,,,,
6.0,PHILIPPE THYS,1914,,,,
7.0,PHILIPPE THYS,1914,,,,
8.0,PHILIPPE THYS,1914,,,,
9.0,PHILIPPE THYS,1914,,,,
10.0,PHILIPPE THYS,1914,,,,
11.0,PHILIPPE THYS,1914,,,,
12.0,PHILIPPE THYS,1914,,,,
13.0,PHILIPPE THYS,1914,,,,
14.0,PHILIPPE THYS,1914,,,,
15.0,PHILIPPE THYS,1914,,,,
1.0,,1919,JEAN ROSSIUS,,,
2.0,,1919,HENRI PELISSIER,,,
3.0,,1919,HENRI PELISSIER,,,
4.0,,1919,EUGÈNE CHRISTOPHE,,,
5.0,,1919,EUGÈNE CHRISTOPHE,,,
6.0,,1919,EUGÈNE CHRISTOPHE,,,
7.0,,1919,EUGÈNE CHRISTOPHE,,,
8.0,,1919,EUGÈNE CHRISTOPHE,,,
9.0,,1919,EUGÈNE CHRISTOPHE,,,
10.0,,1919,EUGÈNE CHRISTOPHE,,,
11.0,,1919,EUGÈNE CHRISTOPHE,,,
12.0,,1919,EUGÈNE CHRISTOPHE,,,
13.0,,1919,EUGÈNE CHRISTOPHE,,,
14.0,,1919,FIRMIN LAMBOT,,,
15.0,,1919,FIRMIN LAMBOT,,,
1.0,,1920,LOUIS MOTTIAT,,,
2.0,,1920,PHILIPPE THYS,,,
3.0,,1920,PHILIPPE THYS,,,
4.0,,1920,PHILIPPE THYS,,,
5.0,,1920,PHILIPPE THYS,,,
6.0,,1920,PHILIPPE THYS,,,
7.0,,1920,PHILIPPE THYS,,,
8.0,,1920,PHILIPPE THYS,,,
9.0,,1920,PHILIPPE THYS,,,
10.0,,1920,PHILIPPE THYS,,,
11.0,,1920,PHILIPPE THYS,,,
12.0,,1920,PHILIPPE THYS,,,
13.0,,1920,PHILIPPE THYS,,,
14.0,,1920,PHILIPPE THYS,,,
15.0,,1920,PHILIPPE THYS,,,
1.0,,1921,LOUIS MOTTIAT,,,
2.0,,1921,LÉON SCIEUR,,,
3.0,,1921,LÉON SCIEUR,,,
4.0,,1921,LÉON SCIEUR,,,
5.0,,1921,LÉON SCIEUR,,,
6.0,,1921,LÉON SCIEUR,,,
7.0,,1921,LÉON SCIEUR,,,
8.0,,1921,LÉON SCIEUR,,,
9.0,,1921,LÉON SCIEUR,,,
10.0,,1921,LÉON SCIEUR,,,
11.0,,1921,LÉON SCIEUR,,,
12.0,,1921,LÉON SCIEUR,,,
13.0,,1921,LÉON SCIEUR,,,
14.0,,1921,LÉON SCIEUR,,,
15.0,,1921,LÉON SCIEUR,,,
1.0,,1922,ROBERT JACQUINOT,,,
2.0,,1922,ROBERT JACQUINOT,,,
3.0,,1922,ROBERT JACQUINOT,,,
4.0,,1922,EUGÈNE CHRISTOPHE,,,
5.0,,1922,EUGÈNE CHRISTOPHE,,,
6.0,,1922,EUGÈNE CHRISTOPHE,,,
7.0,,1922,JEAN ALAVOINE,,,
8.0,,1922,JEAN ALAVOINE,,,
9.0,,1922,JEAN ALAVOINE,,,
10.0,,1922,JEAN ALAVOINE,,,
11.0,,1922,JEAN ALAVOINE,,,
12.0,,1922,HECTOR HEUSGHEM,,,
13.0,,1922,FIRMIN LAMBOT,,,
14.0,,1922,FIRMIN LAMBOT,,,
15.0,,1922,FIRMIN LAMBOT,,,
1.0,,1923,ROBERT JACQUINOT,,,
2.0,,1923,OTTAVIO BOTTECCHIA,,,
3.0,,1923,OTTAVIO BOTTECCHIA,,,
4.0,,1923,ROMAIN BELLENGER,,,
5.0,,1923,ROMAIN BELLENGER,,,
6.0,,1923,OTTAVIO BOTTECCHIA,,,
7.0,,1923,OTTAVIO BOTTECCHIA,,,
8.0,,1923,OTTAVIO BOTTECCHIA,,,
9.0,,1923,OTTAVIO BOTTECCHIA,,,
10.0,,1923,HENRI PELISSIER,,,
11.0,,1923,HENRI PELISSIER,,,
12.0,,1923,HENRI PELISSIER,,,
13.0,,1923,HENRI PELISSIER,,,
14.0,,1923,HENRI PELISSIER,,,
15.0,,1923,HENRI PELISSIER,,,
1.0,,1924,OTTAVIO BOTTECCHIA,,,
2.0,,1924,OTTAVIO BOTTECCHIA,,,
3.0,,1924,OTTAVIO BOTTECCHIA,,,
4.0,,1924,OTTAVIO BOTTECCHIA,,,
5.0,,1924,OTTAVIO BOTTECCHIA,,,
6.0,,1924,OTTAVIO BOTTECCHIA,,,
7.0,,1924,OTTAVIO BOTTECCHIA,,,
8.0,,1924,OTTAVIO BOTTECCHIA,,,
9.0,,1924,OTTAVIO BOTTECCHIA,,,
10.0,,1924,OTTAVIO BOTTECCHIA,,,
11.0,,1924,OTTAVIO BOTTECCHIA,,,
12.0,,1924,OTTAVIO BOTTECCHIA,,,
13.0,,1924,OTTAVIO BOTTECCHIA,,,
14.0,,1924,OTTAVIO BOTTECCHIA,,,
15.0,,1924,OTTAVIO BOTTECCHIA,,,
1.0,,1925,OTTAVIO BOTTECCHIA,,,
2.0,,1925,OTTAVIO BOTTECCHIA,,,
3.0,,1925,ADELIN BENOIT,,,
4.0,,1925,ADELIN BENOIT,,,
5.0,,1925,ADELIN BENOIT,,,
6.0,,1925,ADELIN BENOIT,,,
7.0,,1925,ADELIN BENOIT,,,
8.0,,1925,ADELIN BENOIT,,,
9.0,,1925,OTTAVIO BOTTECCHIA,,,
10.0,,1925,OTTAVIO BOTTECCHIA,,,
11.0,,1925,OTTAVIO BOTTECCHIA,,,
12.0,,1925,OTTAVIO BOTTECCHIA,,,
13.0,,1925,OTTAVIO BOTTECCHIA,,,
14.0,,1925,OTTAVIO BOTTECCHIA,,,
15.0,,1925,OTTAVIO BOTTECCHIA,,,
16.0,,1925,OTTAVIO BOTTECCHIA,,,
17.0,,1925,OTTAVIO BOTTECCHIA,,,
18.0,,1925,OTTAVIO BOTTECCHIA,,,
1.0,,1926,JULES BUYSSE,,,
2.0,,1926,JULES BUYSSE,,,
3.0,,1926,GUSTAAF VAN SLEMBROUCK,,,
4.0,,1926,GUSTAAF VAN SLEMBROUCK,,,
5.0,,1926,GUSTAAF VAN SLEMBROUCK,,,
6.0,,1926,GUSTAAF VAN SLEMBROUCK,,,
7.0,,1926,GUSTAAF VAN SLEMBROUCK,,,
8.0,,1926,GUSTAAF VAN SLEMBROUCK,,,
9.0,,1926,GUSTAAF VAN SLEMBROUCK,,,
10.0,,1926,LUCIEN BUYSSE,,,
11.0,,1926,LUCIEN BUYSSE,,,
12.0,,1926,LUCIEN BUYSSE,,,
13.0,,1926,LUCIEN BUYSSE,,,
14.0,,1926,LUCIEN BUYSSE,,,
15.0,,1926,LUCIEN BUYSSE,,,
16.0,,1926,LUCIEN BUYSSE,,,
17.0,,1926,LUCIEN BUYSSE,,,
1.0,,1927,FRANCIS PELISSIER,,,
2.0,,1927,FRANCIS PELISSIER,,,
3.0,,1927,FRANCIS PELISSIER,,,
4.0,,1927,FRANCIS PELISSIER,,,
5.0,,1927,FRANCIS PELISSIER,,,
6.0,,1927,FERDINAND LE DROGO,,,
7.0,,1927,HECTOR MARTIN,,,
8.0,,1927,HECTOR MARTIN,,,
9.0,,1927,HECTOR MARTIN,,,
10.0,,1927,HECTOR MARTIN,,,
11.0,,1927,NICOLAS FRANTZ,,,
12.0,,1927,NICOLAS FRANTZ,,,
13.0,,1927,NICOLAS FRANTZ,,,
14.0,,1927,NICOLAS FRANTZ,,,
15.0,,1927,NICOLAS FRANTZ,,,
16.0,,1927,NICOLAS FRANTZ,,,
17.0,,1927,NICOLAS FRANTZ,,,
18.0,,1927,NICOLAS FRANTZ,,,
19.0,,1927,NICOLAS FRANTZ,,,
20.0,,1927,NICOLAS FRANTZ,,,
21.0,,1927,NICOLAS FRANTZ,,,
22.0,,1927,NICOLAS FRANTZ,,,
23.0,,1927,NICOLAS FRANTZ,,,
24.0,,1927,NICOLAS FRANTZ,,,
1.0,,1928,NICOLAS FRANTZ,,,
2.0,,1928,NICOLAS FRANTZ,,,
3.0,,1928,NICOLAS FRANTZ,,,
4.0,,1928,NICOLAS FRANTZ,,,
5.0,,1928,NICOLAS FRANTZ,,,
6.0,,1928,NICOLAS FRANTZ,,,
7.0,,1928,NICOLAS FRANTZ,,,
8.0,,1928,NICOLAS FRANTZ,,,
9.0,,1928,NICOLAS FRANTZ,,,
10.0,,1928,NICOLAS FRANTZ,,,
11.0,,1928,NICOLAS FRANTZ,,,
12.0,,1928,NICOLAS FRANTZ,,,
13.0,,1928,NICOLAS FRANTZ,,,
14.0,,1928,NICOLAS FRANTZ,,,
15.0,,1928,NICOLAS FRANTZ,,,
16.0,,1928,NICOLAS FRANTZ,,,
17.0,,1928,NICOLAS FRANTZ,,,
18.0,,1928,NICOLAS FRANTZ,,,
19.0,,1928,NICOLAS FRANTZ,,,
20.0,,1928,NICOLAS FRANTZ,,,
21.0,,1928,NICOLAS FRANTZ,,,
22.0,,1928,NICOLAS FRANTZ,,,
1.0,,1929,AIMÉ DOSSCHE,,,
2.0,,1929,AIMÉ DOSSCHE,,,
3.0,,1929,AIMÉ DOSSCHE,,,
4.0,,1929,MAURICE DE WAELE,,,
5.0,,1929,MAURICE DE WAELE,,,
6.0,,1929,MAURICE DE WAELE,,,
7.0,,1929,NICOLAS FRANTZ,,,
8.0,,1929,AIMÉ DOSSCHE,,,
9.0,,1929,VICTOR FONTAN,,,
10.0,,1929,MAURICE DE WAELE,,,
11.0,,1929,MAURICE DE WAELE,,,
12.0,,1929,MAURICE DE WAELE,,,
13.0,,1929,MAURICE DE WAELE,,,
14.0,,1929,MAURICE DE WAELE,,,
15.0,,1929,MAURICE DE WAELE,,,
16.0,,1929,MAURICE DE WAELE,,,
17.0,,1929,MAURICE DE WAELE,,,
18.0,,1929,MAURICE DE WAELE,,,
19.0,,1929,MAURICE DE WAELE,,,
20.0,,1929,MAURICE DE WAELE,,,
21.0,,1929,MAURICE DE WAELE,,,
22.0,,1929,MAURICE DE WAELE,,,
1.0,,1930,CHARLES PELISSIER,,,
2.0,,1930,LEARCO GUERRA,,,
3.0,,1930,LEARCO GUERRA,,,
4.0,,1930,LEARCO GUERRA,,,
5.0,,1930,LEARCO GUERRA,,,
6.0,,1930,LEARCO GUERRA,,,
7.0,,1930,LEARCO GUERRA,,,
8.0,,1930,LEARCO GUERRA,,,
9.0,,1930,ANDRÉ LEDUCQ,,,
10.0,,1930,ANDRÉ LEDUCQ,,,
11.0,,1930,ANDRÉ LEDUCQ,,,
12.0,,1930,ANDRÉ LEDUCQ,,,
13.0,,1930,ANDRÉ LEDUCQ,,,
14.0,,1930,ANDRÉ LEDUCQ,,,
15.0,,1930,ANDRÉ LEDUCQ,,,
16.0,,1930,ANDRÉ LEDUCQ,,,
17.0,,1930,ANDRÉ LEDUCQ,,,
18.0,,1930,ANDRÉ LEDUCQ,,,
19.0,,1930,ANDRÉ LEDUCQ,,,
20.0,,1930,ANDRÉ LEDUCQ,,,
21.0,,1930,ANDRÉ LEDUCQ,,,
1.0,,1931,ALFRED HAEMERLINCK,,,
2.0,,1931,MAX BULLA,,,
3.0,,1931,LÉON LE CALVEZ,,,
4.0,,1931,RAFAËLE DI PACO,,,
5.0,,1931,CHARLES PELISSIER,,,
6.0,,1931,RAFAËLE DI PACO,,,
7.0,,1931,RAFAËLE DI PACO,,,
8.0,,1931,CHARLES PELISSIER,,,
9.0,,1931,ANTONIN MAGNE,,,
10.0,,1931,ANTONIN MAGNE,,,
11.0,,1931,ANTONIN MAGNE,,,
12.0,,1931,ANTONIN MAGNE,,,
13.0,,1931,ANTONIN MAGNE,,,
14.0,,1931,ANTONIN MAGNE,,,
15.0,,1931,ANTONIN MAGNE,,,
16.0,,1931,ANTONIN MAGNE,,,
17.0,,1931,ANTONIN MAGNE,,,
18.0,,1931,ANTONIN MAGNE,,,
19.0,,1931,ANTONIN MAGNE,,,
20.0,,1931,ANTONIN MAGNE,,,
21.0,,1931,ANTONIN MAGNE,,,
22.0,,1931,ANTONIN MAGNE,,,
23.0,,1931,ANTONIN MAGNE,,,
24.0,,1931,ANTONIN MAGNE,,,
1.0,,1932,JEAN AERTS,,,
2.0,,1932,KURT STOEPEL,,,
3.0,,1932,ANDRÉ LEDUCQ,,,
4.0,,1932,ANDRÉ LEDUCQ,,,
5.0,,1932,ANDRÉ LEDUCQ,,,
6.0,,1932,ANDRÉ LEDUCQ,,,
7.0,,1932,ANDRÉ LEDUCQ,,,
8.0,,1932,ANDRÉ LEDUCQ,,,
9.0,,1932,ANDRÉ LEDUCQ,,,
10.0,,1932,ANDRÉ LEDUCQ,,,
11.0,,1932,ANDRÉ LEDUCQ,,,
12.0,,1932,ANDRÉ LEDUCQ,,,
13.0,,1932,ANDRÉ LEDUCQ,,,
14.0,,1932,ANDRÉ LEDUCQ,,,
15.0,,1932,ANDRÉ LEDUCQ,,,
16.0,,1932,ANDRÉ LEDUCQ,,,
17.0,,1932,ANDRÉ LEDUCQ,,,
18.0,,1932,ANDRÉ LEDUCQ,,,
19.0,,1932,ANDRÉ LEDUCQ,,,
20.0,,1932,ANDRÉ LEDUCQ,,,
21.0,,1932,ANDRÉ LEDUCQ,,,
1.0,,1933,MAURICE ARCHAMBAUD,,,
2.0,,1933,MAURICE ARCHAMBAUD,,,
3.0,,1933,MAURICE ARCHAMBAUD,,,
4.0,,1933,MAURICE ARCHAMBAUD,,,
5.0,,1933,MAURICE ARCHAMBAUD,,,
6.0,,1933,MAURICE ARCHAMBAUD,,,
7.0,,1933,MAURICE ARCHAMBAUD,,,
8.0,,1933,MAURICE ARCHAMBAUD,,,
9.0,,1933,GEORGES LEMAIRE,,,
10.0,,1933,GEORGES LEMAIRE,,,
11.0,,1933,MAURICE ARCHAMBAUD,,,
12.0,,1933,GEORGES SPEICHER,,,
13.0,,1933,GEORGES SPEICHER,,,
14.0,,1933,CHARLES PELISSIER,,,
15.0,,1933,GEORGES SPEICHER,,,
16.0,,1933,GEORGES SPEICHER,,,
17.0,,1933,GEORGES SPEICHER,,,
18.0,,1933,GEORGES SPEICHER,,,
19.0,,1933,GEORGES SPEICHER,,,
20.0,,1933,GEORGES SPEICHER,,,
21.0,,1933,GEORGES SPEICHER,,,
22.0,,1933,GEORGES SPEICHER,,,
23.0,,1933,GEORGES SPEICHER,,,VICENTE TRUEBA
1.0,,1934,GEORGES SPEICHER,,,
2.0,,1934,ANTONIN MAGNE,,,
3.0,,1934,ANTONIN MAGNE,,,
4.0,,1934,ANTONIN MAGNE,,,
5.0,,1934,ANTONIN MAGNE,,,
6.0,,1934,ANTONIN MAGNE,,,
7.0,,1934,ANTONIN MAGNE,,,
8.0,,1934,ANTONIN MAGNE,,,
9.0,,1934,ANTONIN MAGNE,,,
10.0,,1934,ANTONIN MAGNE,,,
11.0,,1934,ANTONIN MAGNE,,,
12.0,,1934,ANTONIN MAGNE,,,
13.0,,1934,ANTONIN MAGNE,,,
14.0,,1934,ANTONIN MAGNE,,,
15.0,,1934,ANTONIN MAGNE,,,
16.0,,1934,ANTONIN MAGNE,,,
17.0,,1934,ANTONIN MAGNE,,,
18.0,,1934,ANTONIN MAGNE,,,
19.0,,1934,ANTONIN MAGNE,,,
20.0,,1934,ANTONIN MAGNE,,,
21.1,,1934,ANTONIN MAGNE,,,
21.2,,1934,ANTONIN MAGNE,,,
22.0,,1934,ANTONIN MAGNE,,,
23.0,,1934,ANTONIN MAGNE,,,RENÉ VIETTO
1.0,,1935,ROMAIN MAES,,,
2.0,,1935,ROMAIN MAES,,,
3.0,,1935,ROMAIN MAES,,,
4.0,,1935,ROMAIN MAES,,,
5.1,,1935,ROMAIN MAES,,,
5.2,,1935,ROMAIN MAES,,,
6.0,,1935,ROMAIN MAES,,,
7.0,,1935,ROMAIN MAES,,,
8.0,,1935,ROMAIN MAES,,,
9.0,,1935,ROMAIN MAES,,,
10.0,,1935,ROMAIN MAES,,,
11.0,,1935,ROMAIN MAES,,,
12.0,,1935,ROMAIN MAES,,,
13.1,,1935,ROMAIN MAES,,,
13.2,,1935,ROMAIN MAES,,,
14.1,,1935,ROMAIN MAES,,,
14.2,,1935,ROMAIN MAES,,,
15.0,,1935,ROMAIN MAES,,,
16.0,,1935,ROMAIN MAES,,,
17.0,,1935,ROMAIN MAES,,,
18.1,,1935,ROMAIN MAES,,,
18.2,,1935,ROMAIN MAES,,,
19.1,,1935,ROMAIN MAES,,,
19.2,,1935,ROMAIN MAES,,,
20.1,,1935,ROMAIN MAES,,,
20.2,,1935,ROMAIN MAES,,,
21.0,,1935,ROMAIN MAES,,,FÉLICIEN VERVAECKE
1.0,,1936,PAUL EGLI,,,
2.0,,1936,MAURICE ARCHAMBAUD,,,
3.0,,1936,ARSÈNE MERSCH,,,
4.0,,1936,MAURICE ARCHAMBAUD,,,
5.0,,1936,MAURICE ARCHAMBAUD,,,
6.0,,1936,MAURICE ARCHAMBAUD,,,
7.0,,1936,MAURICE ARCHAMBAUD,,,
8.0,,1936,SYLVÈRE MAES,,,
9.0,,1936,SYLVÈRE MAES,,,
10.0,,1936,SYLVÈRE MAES,,,
11.0,,1936,SYLVÈRE MAES,,,
12.0,,1936,SYLVÈRE MAES,,,
13.1,,1936,SYLVÈRE MAES,,,
13.2,,1936,SYLVÈRE MAES,,,
14.1,,1936,SYLVÈRE MAES,,,
14.2,,1936,SYLVÈRE MAES,,,
15.0,,1936,SYLVÈRE MAES,,,
16.0,,1936,SYLVÈRE MAES,,,
17.0,,1936,SYLVÈRE MAES,,,
18.1,,1936,SYLVÈRE MAES,,,
18.2,,1936,SYLVÈRE MAES,,,
19.1,,1936,SYLVÈRE MAES,,,
19.2,,1936,SYLVÈRE MAES,,,
19.3,,1936,SYLVÈRE MAES,,,
20.1,,1936,SYLVÈRE MAES,,,
20.2,,1936,SYLVÈRE MAES,,,
21.0,,1936,SYLVÈRE MAES,,,JULIAN BERRENDERO
1.0,,1937,JEAN MAJERUS,,,
2.0,,1937,JEAN MAJERUS,,,
3.0,,1937,MARCEL KINT,,,
4.0,,1937,ERICH BAUTZ,,,
5.1,,1937,ERICH BAUTZ,,,
5.2,,1937,ERICH BAUTZ,,,
5.3,,1937,ERICH BAUTZ,,,
6.0,,1937,ERICH BAUTZ,,,
7.0,,1937,GINO BARTALI,,,
8.0,,1937,GINO BARTALI,,,
9.0,,1937,SYLVÈRE MAES,,,
10.0,,1937,SYLVÈRE MAES,,,
11.1,,1937,SYLVÈRE MAES,,,
11.2,,1937,SYLVÈRE MAES,,,
12.1,,1937,SYLVÈRE MAES,,,
12.2,,1937,SYLVÈRE MAES,,,
13.1,,1937,SYLVÈRE MAES,,,
13.2,,1937,SYLVÈRE MAES,,,
14.1,,1937,SYLVÈRE MAES,,,
14.2,,1937,SYLVÈRE MAES,,,
14.3,,1937,SYLVÈRE MAES,,,
15.0,,1937,SYLVÈRE MAES,,,
16.0,,1937,SYLVÈRE MAES,,,
17.1,,1937,ROGER LAPEBIE,,,
17.2,,1937,ROGER LAPEBIE,,,
17.3,,1937,ROGER LAPEBIE,,,
18.1,,1937,ROGER LAPEBIE,,,
18.2,,1937,ROGER LAPEBIE,,,
19.1,,1937,ROGER LAPEBIE,,,
19.2,,1937,ROGER LAPEBIE,,,
20.0,,1937,ROGER LAPEBIE,,,FÉLICIEN VERVAECKE
1.0,,1938,WILLI OBERBECK,,,
2.0,,1938,JEAN MAJERUS,,,
3.0,,1938,JEAN MAJERUS,,,
4.1,,1938,JEAN MAJERUS,,,
4.2,,1938,JEAN MAJERUS,,,
4.3,,1938,JEAN MAJERUS,,,
5.0,,1938,JEAN MAJERUS,,,
6.1,,1938,JEAN MAJERUS,,,
6.2,,1938,ANDRÉ LEDUCQ,,,
7.0,,1938,ANDRÉ LEDUCQ,,,
8.0,,1938,FÉLICIEN VERVAECKE,,,
9.0,,1938,FÉLICIEN VERVAECKE,,,
10.1,,1938,FÉLICIEN VERVAECKE,,,
10.2,,1938,FÉLICIEN VERVAECKE,,,
10.3,,1938,FÉLICIEN VERVAECKE,,,
11.0,,1938,FÉLICIEN VERVAECKE,,,
12.0,,1938,FÉLICIEN VERVAECKE,,,
13.0,,1938,FÉLICIEN VERVAECKE,,,
14.0,,1938,GINO BARTALI,,,
15.0,,1938,GINO BARTALI,,,
16.0,,1938,GINO BARTALI,,,
17.2,,1938,GINO BARTALI,,,
17.1,,1938,GINO BARTALI,,,
18.0,,1938,GINO BARTALI,,,
19.0,,1938,GINO BARTALI,,,
20.1,,1938,GINO BARTALI,,,
20.2,,1938,GINO BARTALI,,,GINO BARTALI
20.3,,1938,GINO BARTALI,,,GINO BARTALI
21.0,,1938,GINO BARTALI,,,
1.0,,1939,AMÉDÉE FOURNIER,,,
2.1,,1939,ROMAIN MAES,,,
2.2,,1939,JEAN FONTENAY,,,
3.0,,1939,JEAN FONTENAY,,,
4.0,,1939,RENÉ VIETTO,,,
5.0,,1939,RENÉ VIETTO,,,
6.1,,1939,RENÉ VIETTO,,,
6.2,,1939,RENÉ VIETTO,,,
7.0,,1939,RENÉ VIETTO,,,
8.1,,1939,RENÉ VIETTO,,,
8.2,,1939,RENÉ VIETTO,,,
9.0,,1939,RENÉ VIETTO,,,
10.1,,1939,RENÉ VIETTO,,,
10.2,,1939,RENÉ VIETTO,,,
10.3,,1939,RENÉ VIETTO,,,
11.0,,1939,RENÉ VIETTO,,,
12.1,,1939,RENÉ VIETTO,,,
12.2,,1939,RENÉ VIETTO,,,
13.0,,1939,RENÉ VIETTO,,,
14.0,,1939,RENÉ VIETTO,,,
15.0,,1939,SYLVÈRE MAES,,,
16.1,,1939,SYLVÈRE MAES,,,
16.2,,1939,SYLVÈRE MAES,,,
16.3,,1939,SYLVÈRE MAES,,,
17.1,,1939,SYLVÈRE MAES,,,
17.2,,1939,SYLVÈRE MAES,,,
18.1,,1939,SYLVÈRE MAES,,,
18.2,,1939,SYLVÈRE MAES,,,SYLVÈRE MAES
1.0,,1947,FERDI KUBLER,,,
2.0,,1947,RENÉ VIETTO,,,
3.0,,1947,RENÉ VIETTO,,,
4.0,,1947,RENÉ VIETTO,,,
5.0,,1947,RENÉ VIETTO,,,
6.0,,1947,RENÉ VIETTO,,,
7.0,,1947,ALDO RONCONI,,,
8.0,,1947,ALDO RONCONI,,,
9.0,,1947,RENÉ VIETTO,,,
10.0,,1947,RENÉ VIETTO,,,
11.0,,1947,RENÉ VIETTO,,,
12.0,,1947,RENÉ VIETTO,,,
13.0,,1947,RENÉ VIETTO,,,
14.0,,1947,RENÉ VIETTO,,,
15.0,,1947,RENÉ VIETTO,,,
16.0,,1947,RENÉ VIETTO,,,
17.0,,1947,RENÉ VIETTO,,,
18.0,,1947,RENÉ VIETTO,,,
19.0,,1947,PIERRE BRAMBILLA,,,
20.0,,1947,PIERRE BRAMBILLA,,,
21.0,,1947,JEAN ROBIC,,,PIERRE BRAMBILLA
1.0,,1948,GINO BARTALI,,,
2.0,,1948,JEAN ENGELS,,,
3.0,,1948,LOUISON BOBET,,,
4.0,,1948,ROGER LAMBRECHT,,,
5.0,,1948,ROGER LAMBRECHT,,,
6.0,,1948,LOUISON BOBET,,,
7.0,,1948,LOUISON BOBET,,,
8.0,,1948,LOUISON BOBET,,,
9.0,,1948,LOUISON BOBET,,,
10.0,,1948,LOUISON BOBET,,,
11.0,,1948,LOUISON BOBET,,,
12.0,,1948,LOUISON BOBET,,,
13.0,,1948,LOUISON BOBET,,,
14.0,,1948,GINO BARTALI,,,
15.0,,1948,GINO BARTALI,,,
16.0,,1948,GINO BARTALI,,,
17.0,,1948,GINO BARTALI,,,
18.0,,1948,GINO BARTALI,,,
19.0,,1948,GINO BARTALI,,,
20.0,,1948,GINO BARTALI,,,
21.0,,1948,GINO BARTALI,,,GINO BARTALI
1.0,,1949,MARCEL DUSSAULT,,,
2.0,,1949,ROGER LAMBRECHT,,,
3.0,,1949,NORBERT CALLENS,,,
4.0,,1949,JACQUES MARINELLI,,,
5.0,,1949,JACQUES MARINELLI,,,
6.0,,1949,JACQUES MARINELLI,,,
7.0,,1949,JACQUES MARINELLI,,,
8.0,,1949,JACQUES MARINELLI,,,
9.0,,1949,JACQUES MARINELLI,,,
10.0,,1949,FIORENZO MAGNI,,,
11.0,,1949,FIORENZO MAGNI,,,
12.0,,1949,FIORENZO MAGNI,,,
13.0,,1949,FIORENZO MAGNI,,,
14.0,,1949,FIORENZO MAGNI,,,
15.0,,1949,FIORENZO MAGNI,,,
16.0,,1949,GINO BARTALI,,,
17.0,,1949,FAUSTO COPPI,,,
18.0,,1949,FAUSTO COPPI,,,
19.0,,1949,FAUSTO COPPI,,,
20.0,,1949,FAUSTO COPPI,,,
21.0,,1949,FAUSTO COPPI,,,FAUSTO COPPI
1.0,,1950,JEAN GOLDSCHMIT,,,
2.0,,1950,JEAN GOLDSCHMIT,,,
3.0,,1950,BERNARD GAUTHIER,,,
4.0,,1950,BERNARD GAUTHIER,,,
5.0,,1950,BERNARD GAUTHIER,,,
6.0,,1950,JEAN GOLDSCHMIT,,,
7.0,,1950,BERNARD GAUTHIER,,,
8.0,,1950,BERNARD GAUTHIER,,,
9.0,,1950,BERNARD GAUTHIER,,,
10.0,,1950,BERNARD GAUTHIER,,,
11.0,,1950,FIORENZO MAGNI,,,
12.0,,1950,FERDI KUBLER,,,
13.0,,1950,FERDI KUBLER,,,
14.0,,1950,FERDI KUBLER,,,
15.0,,1950,FERDI KUBLER,,,
16.0,,1950,FERDI KUBLER,,,
17.0,,1950,FERDI KUBLER,,,
18.0,,1950,FERDI KUBLER,,,
19.0,,1950,FERDI KUBLER,,,
20.0,,1950,FERDI KUBLER,,,
21.0,,1950,FERDI KUBLER,,,
22.0,,1950,FERDI KUBLER,,,LOUISON BOBET
1.0,,1951,GIOVANNI ROSSI,,,
2.0,,1951,JEAN DIEDERICH,,,
3.0,,1951,JEAN DIEDERICH,,,
4.0,,1951,JEAN DIEDERICH,,,
5.0,,1951,SERIFANO BIAGIONI,,,
6.0,,1951,ROGER LEVEQUE,,,
7.0,,1951,ROGER LEVEQUE,,,
8.0,,1951,ROGER LEVEQUE,,,
9.0,,1951,ROGER LEVEQUE,,,
10.0,,1951,ROGER LEVEQUE,,,
11.0,,1951,ROGER LEVEQUE,,,
12.0,,1951,WIM VAN EST,,,
13.0,,1951,GILBERT BAUVIN,,,
14.0,,1951,HUGO KOBLET,,,
15.0,,1951,HUGO KOBLET,,,
16.0,,1951,HUGO KOBLET,,,
17.0,,1951,HUGO KOBLET,,,
18.0,,1951,HUGO KOBLET,,,
19.0,,1951,HUGO KOBLET,,,
20.0,,1951,HUGO KOBLET,,,
21.0,,1951,HUGO KOBLET,,,
22.0,,1951,HUGO KOBLET,,,
23.0,,1951,HUGO KOBLET,,,
24.0,,1951,HUGO KOBLET,,,RAPHAËL GEMINIANI
1.0,,1952,RIK VAN STEENBERGEN,,,
2.0,,1952,RIK VAN STEENBERGEN,,,
3.0,,1952,NELLO LAUREDI,,,
4.0,,1952,NELLO LAUREDI,,,
5.0,,1952,NELLO LAUREDI,,,
6.0,,1952,FIORENZO MAGNI,,,
7.0,,1952,NELLO LAUREDI,,,
8.0,,1952,FIORENZO MAGNI,,,
9.0,,1952,ANDRÉA CARREA,,,
10.0,,1952,FAUSTO COPPI,,,
11.0,,1952,FAUSTO COPPI,,,
12.0,,1952,FAUSTO COPPI,,,
13.0,,1952,FAUSTO COPPI,,,
14.0,,1952,FAUSTO COPPI,,,
15.0,,1952,FAUSTO COPPI,,,
16.0,,1952,FAUSTO COPPI,,,
17.0,,1952,FAUSTO COPPI,,,
18.0,,1952,FAUSTO COPPI,,,
19.0,,1952,FAUSTO COPPI,,,
20.0,,1952,FAUSTO COPPI,,,
21.0,,1952,FAUSTO COPPI,,,
22.0,,1952,FAUSTO COPPI,,,
23.0,,1952,FAUSTO COPPI,,,FAUSTO COPPI
1.0,,1953,FRITZ SCHAER,,,
2.0,,1953,FRITZ SCHAER,,,
3.0,,1953,FRITZ SCHAER,,,
4.0,,1953,FRITZ SCHAER,,,
5.0,,1953,ROGER HASSENFORDER,,,
6.0,,1953,ROGER HASSENFORDER,,,
7.0,,1953,ROGER HASSENFORDER,,,
8.0,,1953,ROGER HASSENFORDER,,,
9.0,,1953,FRITZ SCHAER,,,
10.0,,1953,FRITZ SCHAER,,,
11.0,,1953,JEAN ROBIC,,,
12.0,,1953,FRANÇOIS MAHE,,,
13.0,,1953,JEAN MALLEJAC,,,
14.0,,1953,JEAN MALLEJAC,,,
15.0,,1953,JEAN MALLEJAC,,,
16.0,,1953,JEAN MALLEJAC,,,
17.0,,1953,JEAN MALLEJAC,,,
18.0,,1953,LOUISON BOBET,,,
19.0,,1953,LOUISON BOBET,,,
20.0,,1953,LOUISON BOBET,,,
21.0,,1953,LOUISON BOBET,,,
22.0,,1953,LOUISON BOBET,FRITZ SCHAER,,JÉSUS LORONO
1.0,,1954,WOUT WAGTMANS,,,
2.0,,1954,WOUT WAGTMANS,,,
3.0,,1954,WOUT WAGTMANS,,,
4.1,,1954,LOUISON BOBET,,,
4.2,,1954,LOUISON BOBET,,,
5.0,,1954,LOUISON BOBET,,,
6.0,,1954,LOUISON BOBET,,,
7.0,,1954,LOUISON BOBET,,,
8.0,,1954,WOUT WAGTMANS,,,
9.0,,1954,WOUT WAGTMANS,,,
10.0,,1954,WOUT WAGTMANS,,,
11.0,,1954,WOUT WAGTMANS,,,
12.0,,1954,GILBERT BAUVIN,,,
13.0,,1954,GILBERT BAUVIN,,,
14.0,,1954,LOUISON BOBET,,,
15.0,,1954,LOUISON BOBET,,,
16.0,,1954,LOUISON BOBET,,,
17.0,,1954,LOUISON BOBET,,,
18.0,,1954,LOUISON BOBET,,,
19.0,,1954,LOUISON BOBET,,,
20.0,,1954,LOUISON BOBET,,,
21.1,,1954,LOUISON BOBET,,,
21.2,,1954,LOUISON BOBET,,,
22.0,,1954,LOUISON BOBET,,,
23.0,,1954,LOUISON BOBET,FERDI KUBLER,,FEDERICO BAHAMONTES
1.1,,1955,MIGUEL POBLET,,,
1.2,,1955,MIGUEL POBLET,,,
2.0,,1955,WOUT WAGTMANS,,,
3.0,,1955,WOUT WAGTMANS,,,
4.0,,1955,ANTONIN ROLLAND,,,
5.0,,1955,ANTONIN ROLLAND,,,
6.0,,1955,ANTONIN ROLLAND,,,
7.0,,1955,WIM VAN EST,,,
8.0,,1955,ANTONIN ROLLAND,,,
9.0,,1955,ANTONIN ROLLAND,,,
10.0,,1955,ANTONIN ROLLAND,,,
11.0,,1955,ANTONIN ROLLAND,,,
12.0,,1955,ANTONIN ROLLAND,,,
13.0,,1955,ANTONIN ROLLAND,,,
14.0,,1955,ANTONIN ROLLAND,,,
15.0,,1955,ANTONIN ROLLAND,,,
16.0,,1955,ANTONIN ROLLAND,,,
17.0,,1955,LOUISON BOBET,,,
18.0,,1955,LOUISON BOBET,,,
19.0,,1955,LOUISON BOBET,,,
20.0,,1955,LOUISON BOBET,,,
21.0,,1955,LOUISON BOBET,,,
22.0,,1955,LOUISON BOBET,STAN OCKERS,,CHARLY GAUL
1.0,,1956,ANDRÉ DARRIGADE,,,
2.0,,1956,ANDRÉ DARRIGADE,,,
3.1,,1956,ANDRÉ DARRIGADE,,,
3.2,,1956,GILBERT DESMET,,,
4.0,,1956,GILBERT DESMET,,,
5.0,,1956,ANDRÉ DARRIGADE,,,
6.0,,1956,ANDRÉ DARRIGADE,,,
7.0,,1956,ROGER WALKOWIAK,,,
8.0,,1956,ROGER WALKOWIAK,,,
9.0,,1956,ROGER WALKOWIAK,,,
10.0,,1956,GERRIT VOORTING,,,
11.0,,1956,ANDRÉ DARRIGADE,,,
12.0,,1956,JEAN ADRIAENSSENS,,,
13.0,,1956,JEAN ADRIAENSSENS,,,
14.0,,1956,JEAN ADRIAENSSENS,,,
15.0,,1956,WOUT WAGTMANS,,,
16.0,,1956,WOUT WAGTMANS,,,
17.0,,1956,WOUT WAGTMANS,,,
18.0,,1956,ROGER WALKOWIAK,,,
19.0,,1956,ROGER WALKOWIAK,,,
20.0,,1956,ROGER WALKOWIAK,,,
21.0,,1956,ROGER WALKOWIAK,,,
22.0,,1956,ROGER WALKOWIAK,STAN OCKERS,,CHARLY GAUL
1.0,,1957,ANDRÉ DARRIGADE,,,
2.0,,1957,RENÉ PRIVAT,,,
3.1,,1957,RENÉ PRIVAT,,,
3.2,,1957,RENÉ PRIVAT,,,
4.0,,1957,RENÉ PRIVAT,,,
5.0,,1957,JACQUES ANQUETIL,,,
6.0,,1957,JACQUES ANQUETIL,,,
7.0,,1957,NICOLAS BARONE,,,
8.0,,1957,JEAN FORESTIER,,,
9.0,,1957,JEAN FORESTIER,,,
10.0,,1957,JACQUES ANQUETIL,,,
11.0,,1957,JACQUES ANQUETIL,,,
12.0,,1957,JACQUES ANQUETIL,,,
13.0,,1957,JACQUES ANQUETIL,,,
14.0,,1957,JACQUES ANQUETIL,,,
15.1,,1957,JACQUES ANQUETIL,,,
15.2,,1957,JACQUES ANQUETIL,,,
16.0,,1957,JACQUES ANQUETIL,,,
17.0,,1957,JACQUES ANQUETIL,,,
18.0,,1957,JACQUES ANQUETIL,,,
19.0,,1957,JACQUES ANQUETIL,,,
20.0,,1957,JACQUES ANQUETIL,,,
21.0,,1957,JACQUES ANQUETIL,,,
22.0,,1957,JACQUES ANQUETIL,JEAN FORESTIER,,GASTONE NENCINI
1.0,,1958,ANDRÉ DARRIGADE,,,
2.0,,1958,JOS HOEVENAERS,,,
3.0,,1958,WIM VAN EST,,,
4.0,,1958,WIM VAN EST,,,
5.0,,1958,GILBERT BAUVIN,,,
6.0,,1958,GERRIT VOORTING,,,
7.0,,1958,GERRIT VOORTING,,,
8.0,,1958,GERRIT VOORTING,,,
9.0,,1958,ANDRÉ DARRIGADE,,,
10.0,,1958,ANDRÉ DARRIGADE,,,
11.0,,1958,ANDRÉ DARRIGADE,,,
12.0,,1958,ANDRÉ DARRIGADE,,,
13.0,,1958,RAPHAËL GEMINIANI,,,
14.0,,1958,VITO FAVERO,,,
15.0,,1958,VITO FAVERO,,,
16.0,,1958,VITO FAVERO,,,
17.0,,1958,VITO FAVERO,,,
18.0,,1958,RAPHAËL GEMINIANI,,,
19.0,,1958,RAPHAËL GEMINIANI,,,
20.0,,1958,RAPHAËL GEMINIANI,,,
21.0,,1958,VITO FAVERO,,,
22.0,,1958,VITO FAVERO,,,
23.0,,1958,CHARLY GAUL,,,
24.0,,1958,CHARLY GAUL,JEAN GRACZYK,,FEDERICO BAHAMONTES
1.0,,1959,ANDRÉ DARRIGADE,,,
2.0,,1959,ANDRÉ DARRIGADE,,,
3.0,,1959,ROBERT CAZALA,,,
4.0,,1959,ROBERT CAZALA,,,
5.0,,1959,ROBERT CAZALA,,,
6.0,,1959,ROBERT CAZALA,,,
7.0,,1959,ROBERT CAZALA,,,
8.0,,1959,ROBERT CAZALA,,,
9.0,,1959,EDDY PAUWELS,,,
10.0,,1959,MICHEL VERMEULIN,,,
11.0,,1959,MICHEL VERMEULIN,,,
12.0,,1959,MICHEL VERMEULIN,,,
13.0,,1959,JOS HOEVENAERS,,,
14.0,,1959,JOS HOEVENAERS,,,
15.0,,1959,JOS HOEVENAERS,,,
16.0,,1959,EDDY PAUWELS,,,
17.0,,1959,FEDERICO BAHAMONTES,,,
18.0,,1959,FEDERICO BAHAMONTES,,,
19.0,,1959,FEDERICO BAHAMONTES,,,
20.0,,1959,FEDERICO BAHAMONTES,,,
21.0,,1959,FEDERICO BAHAMONTES,,,
22.0,,1959,FEDERICO BAHAMONTES,ANDRÉ DARRIGADE,,FEDERICO BAHAMONTES
1.1,,1960,JULIEN SCHEPENS,,,
1.2,,1960,GASTONE NENCINI,,,
2.0,,1960,GASTONE NENCINI,,,
3.0,,1960,JOSEPH GROUSSARD,,,
4.0,,1960,HENRI ANGLADE,,,
5.0,,1960,HENRI ANGLADE,,,
6.0,,1960,JEAN ADRIAENSSENS,,,
7.0,,1960,JEAN ADRIAENSSENS,,,
8.0,,1960,JEAN ADRIAENSSENS,,,
9.0,,1960,JEAN ADRIAENSSENS,,,
10.0,,1960,GASTONE NENCINI,,,
11.0,,1960,GASTONE NENCINI,,,
12.0,,1960,GASTONE NENCINI,,,
13.0,,1960,GASTONE NENCINI,,,
14.0,,1960,GASTONE NENCINI,,,
15.0,,1960,GASTONE NENCINI,,,
16.0,,1960,GASTONE NENCINI,,,
17.0,,1960,GASTONE NENCINI,,,
18.0,,1960,GASTONE NENCINI,,,
19.0,,1960,GASTONE NENCINI,,,
20.0,,1960,GASTONE NENCINI,,,
21.0,,1960,GASTONE NENCINI,JEAN GRACZYK,,FERNANDO MANZANEQUE
1.1,,1961,ANDRÉ DARRIGADE,,,
1.2,,1961,JACQUES ANQUETIL,,,
2.0,,1961,JACQUES ANQUETIL,,,
3.0,,1961,JACQUES ANQUETIL,,,
4.0,,1961,JACQUES ANQUETIL,,,
5.0,,1961,JACQUES ANQUETIL,,,
6.0,,1961,JACQUES ANQUETIL,,,
7.0,,1961,JACQUES ANQUETIL,,,
8.0,,1961,JACQUES ANQUETIL,,,
9.0,,1961,JACQUES ANQUETIL,,,
10.0,,1961,JACQUES ANQUETIL,,,
11.0,,1961,JACQUES ANQUETIL,,,
12.0,,1961,JACQUES ANQUETIL,,,
13.0,,1961,JACQUES ANQUETIL,,,
14.0,,1961,JACQUES ANQUETIL,,,
15.0,,1961,JACQUES ANQUETIL,,,
16.0,,1961,JACQUES ANQUETIL,,,
17.0,,1961,JACQUES ANQUETIL,,,
18.0,,1961,JACQUES ANQUETIL,,,
19.0,,1961,JACQUES ANQUETIL,,,
20.0,,1961,JACQUES ANQUETIL,,,
21.0,,1961,JACQUES ANQUETIL,ANDRÉ DARRIGADE,,IMERIO MASSIGNAN
1.0,,1962,RUDI ALTIG,,,
2.1,,1962,ANDRÉ DARRIGADE,,,
2.2,,1962,ANDRÉ DARRIGADE,,,
3.0,,1962,RUDI ALTIG,,,
4.0,,1962,RUDI ALTIG,,,
5.0,,1962,RUDI ALTIG,,,
6.0,,1962,ALBERTUS GELDERMANS,,,
7.0,,1962,ALBERTUS GELDERMANS,,,
8.1,,1962,ANDRÉ DARRIGADE,,,
8.2,,1962,ANDRÉ DARRIGADE,,,
9.0,,1962,WILLY SCHROEDERS,,,
10.0,,1962,WILLY SCHROEDERS,,,
11.0,,1962,WILLY SCHROEDERS,,,
12.0,,1962,TOM SIMPSON,,,
13.0,,1962,JOSEPH Planckaert,,,
14.0,,1962,JOSEPH Planckaert,,,
15.0,,1962,JOSEPH Planckaert,,,
16.0,,1962,JOSEPH Planckaert,,,
17.0,,1962,JOSEPH Planckaert,,,
18.0,,1962,JOSEPH Planckaert,,,
19.0,,1962,JOSEPH Planckaert,,,
20.0,,1962,JACQUES ANQUETIL,,,
21.0,,1962,JACQUES ANQUETIL,,,
22.0,,1962,JACQUES ANQUETIL,RUDI ALTIG,,FEDERICO BAHAMONTES
1.0,,1963,EDDY PAUWELS,,,
2.1,,1963,EDDY PAUWELS,,,
2.2,,1963,EDDY PAUWELS,,,
3.0,,1963,SEAMUS ELLIOTT,,,
4.0,,1963,SEAMUS ELLIOTT,,,
5.0,,1963,SEAMUS ELLIOTT,,,
6.1,,1963,SEAMUS ELLIOTT,,,
6.2,,1963,GILBERT DESMET,,,
7.0,,1963,GILBERT DESMET,,,
8.0,,1963,GILBERT DESMET,,,
9.0,,1963,GILBERT DESMET,,,
10.0,,1963,GILBERT DESMET,,,
11.0,,1963,GILBERT DESMET,,,
12.0,,1963,GILBERT DESMET,,,
13.0,,1963,GILBERT DESMET,,,
14.0,,1963,GILBERT DESMET,,,
15.0,,1963,GILBERT DESMET,,,
16.0,,1963,FEDERICO BAHAMONTES,,,
17.0,,1963,JACQUES ANQUETIL,,,
18.0,,1963,JACQUES ANQUETIL,,,
19.0,,1963,JACQUES ANQUETIL,,,
20.0,,1963,JACQUES ANQUETIL,,,
21.0,,1963,JACQUES ANQUETIL,RIK VAN LOOY,,FEDERICO BAHAMONTES
1.0,,1964,EDWARD SELS,,,
2.0,,1964,EDWARD SELS,,,
3.1,,1964,EDWARD SELS,,,
3.2,,1964,BERNARD VAN DE KERKHOVE,,,
4.0,,1964,BERNARD VAN DE KERKHOVE,,,
5.0,,1964,RUDI ALTIG,,,
6.0,,1964,RUDI ALTIG,,,
7.0,,1964,RUDI ALTIG,,,
8.0,,1964,GEORGES GROUSSARD,,,
9.0,,1964,GEORGES GROUSSARD,,,
10.1,,1964,GEORGES GROUSSARD,,,
10.2,,1964,GEORGES GROUSSARD,,,
11.0,,1964,GEORGES GROUSSARD,,,
12.0,,1964,GEORGES GROUSSARD,,,
13.0,,1964,GEORGES GROUSSARD,,,
14.0,,1964,GEORGES GROUSSARD,,,
15.0,,1964,GEORGES GROUSSARD,,,
16.0,,1964,GEORGES GROUSSARD,,,
17.0,,1964,JACQUES ANQUETIL,,,
18.0,,1964,JACQUES ANQUETIL,,,
19.0,,1964,JACQUES ANQUETIL,,,
20.0,,1964,JACQUES ANQUETIL,,,
21.0,,1964,JACQUES ANQUETIL,,,
22.1,,1964,JACQUES ANQUETIL,,,
22.2,,1964,JACQUES ANQUETIL,JAN JANSSEN,,FEDERICO BAHAMONTES
1.1,,1965,RIK VAN LOOY,,,
1.2,,1965,RIK VAN LOOY,,,
2.0,,1965,BERNARD VAN DE KERKHOVE,,,
3.0,,1965,FELICE GIMONDI,,,
4.0,,1965,FELICE GIMONDI,,,
5.1,,1965,FELICE GIMONDI,,,
5.2,,1965,FELICE GIMONDI,,,
6.0,,1965,FELICE GIMONDI,,,
7.0,,1965,BERNARD VAN DE KERKHOVE,,,
8.0,,1965,BERNARD VAN DE KERKHOVE,,,
9.0,,1965,FELICE GIMONDI,,,
10.0,,1965,FELICE GIMONDI,,,
11.0,,1965,FELICE GIMONDI,,,
12.0,,1965,FELICE GIMONDI,,,
16.0,,1965,FELICE GIMONDI,,,
13.0,,1965,FELICE GIMONDI,,,
14.0,,1965,FELICE GIMONDI,,,
15.0,,1965,FELICE GIMONDI,,,
17.0,,1965,FELICE GIMONDI,,,
18.0,,1965,FELICE GIMONDI,,,
19.0,,1965,FELICE GIMONDI,,,
20.0,,1965,FELICE GIMONDI,,,
21.0,,1965,FELICE GIMONDI,,,
22.0,,1965,FELICE GIMONDI,JAN JANSSEN,,JULIO JIMENEZ
1.0,,1966,RUDI ALTIG,,,
2.0,,1966,RUDI ALTIG,,,
3.1,,1966,RUDI ALTIG,,,
3.2,,1966,RUDI ALTIG,,,
4.0,,1966,RUDI ALTIG,,,
5.0,,1966,RUDI ALTIG,,,
6.0,,1966,RUDI ALTIG,,,
7.0,,1966,RUDI ALTIG,,,
8.0,,1966,RUDI ALTIG,,,
9.0,,1966,RUDI ALTIG,,,
10.0,,1966,TOMMASO DE PRA,,,
11.0,,1966,JEAN-CLAUDE LEBAUBE,,,
12.0,,1966,KARL-HEINZ KUNDE,,,
13.0,,1966,KARL-HEINZ KUNDE,,,
14.1,,1966,KARL-HEINZ KUNDE,,,
14.2,,1966,KARL-HEINZ KUNDE,,,
15.0,,1966,KARL-HEINZ KUNDE,,,
16.0,,1966,JAN JANSSEN,,,
17.0,,1966,LUCIEN AIMAR,,,
18.0,,1966,LUCIEN AIMAR,,,
19.0,,1966,LUCIEN AIMAR,,,
20.0,,1966,LUCIEN AIMAR,,,
21.0,,1966,LUCIEN AIMAR,,,
22.1,,1966,LUCIEN AIMAR,,,
22.2,,1966,LUCIEN AIMAR,,,
0.0,,1967,JOSÉ-MARIA ERRANDONEA,,,
1.0,,1967,JOSÉ-MARIA ERRANDONEA,,,
2.0,,1967,WILLY VAN NESTE,,,
3.0,,1967,GIANCARLO POLIDORI,,,
4.0,,1967,JOSEPH SPRUYT,,,
5.1,,1967,ROGER PINGEON,,,
5.2,,1967,ROGER PINGEON,,,
6.0,,1967,ROGER PINGEON,,,
7.0,,1967,RAYMOND RIOTTE,,,
8.0,,1967,ROGER PINGEON,,,
9.0,,1967,ROGER PINGEON,,,
10.0,,1967,ROGER PINGEON,,,
11.0,,1967,ROGER PINGEON,,,
12.0,,1967,ROGER PINGEON,,,
13.0,,1967,ROGER PINGEON,,,
14.0,,1967,ROGER PINGEON,,,
15.0,,1967,ROGER PINGEON,,,
16.0,,1967,ROGER PINGEON,,,
17.0,,1967,ROGER PINGEON,,,
18.0,,1967,ROGER PINGEON,,,
19.0,,1967,ROGER PINGEON,,,
20.0,,1967,ROGER PINGEON,,,
21.0,,1967,ROGER PINGEON,,,
22.1,,1967,ROGER PINGEON,,,
22.2,,1967,ROGER PINGEON,JAN JANSSEN,,JULIO JIMENEZ
0.0,,1968,CHARLY GROSSKOST,,,
1.0,,1968,CHARLY GROSSKOST,,,
2.0,,1968,CHARLY GROSSKOST,,,
3.1,,1968,HERMAN VANSPRINGEL,,,
3.2,,1968,HERMAN VANSPRINGEL,,,
4.0,,1968,JEAN-PIERRE GENET,,,
5.1,,1968,GEORGES VANDENBERGHE,,,
5.2,,1968,GEORGES VANDENBERGHE,,,
6.0,,1968,GEORGES VANDENBERGHE,,,
7.0,,1968,GEORGES VANDENBERGHE,,,
8.0,,1968,GEORGES VANDENBERGHE,,,
9.0,,1968,GEORGES VANDENBERGHE,,,
10.0,,1968,GEORGES VANDENBERGHE,,,
11.0,,1968,GEORGES VANDENBERGHE,,,
12.0,,1968,GEORGES VANDENBERGHE,,,
13.0,,1968,GEORGES VANDENBERGHE,,,
14.0,,1968,GEORGES VANDENBERGHE,,,
15.0,,1968,GEORGES VANDENBERGHE,,,
16.0,,1968,ROLF WOLFSHOHL,,,
17.0,,1968,ROLF WOLFSHOHL,,,
18.0,,1968,GREGORIO SAN MIGUEL,,,
19.0,,1968,HERMAN VANSPRINGEL,,,
20.0,,1968,HERMAN VANSPRINGEL,,,
21.0,,1968,HERMAN VANSPRINGEL,,,
22.1,,1968,HERMAN VANSPRINGEL,,,
22.2,,1968,JAN JANSSEN,FRANCO BITOSSI,,AURELIO GONZALEZ
0.0,,1969,RUDI ALTIG,,,
1.1,,1969,RUDI ALTIG,,,
1.2,,1969,EDDY MERCKX,,,
2.0,,1969,JULIEN STEVENS,,,
3.0,,1969,JULIEN STEVENS,,,
4.0,,1969,JULIEN STEVENS,,,
5.0,,1969,DÉSIRÉ LETORT,,,
6.0,,1969,EDDY MERCKX,,,
7.0,,1969,EDDY MERCKX,,,
8.1,,1969,EDDY MERCKX,,,
8.2,,1969,EDDY MERCKX,,,
9.0,,1969,EDDY MERCKX,,,
10.0,,1969,EDDY MERCKX,,,
11.0,,1969,EDDY MERCKX,,,
12.0,,1969,EDDY MERCKX,,,
13.0,,1969,EDDY MERCKX,,,
14.0,,1969,EDDY MERCKX,,,
15.0,,1969,EDDY MERCKX,,,
16.0,,1969,EDDY MERCKX,,,
17.0,,1969,EDDY MERCKX,,,
18.0,,1969,EDDY MERCKX,,,
19.0,,1969,EDDY MERCKX,,,
20.0,,1969,EDDY MERCKX,,,
21.0,,1969,EDDY MERCKX,,,
22.1,,1969,EDDY MERCKX,,,
22.2,,1969,EDDY MERCKX,EDDY MERCKX,,EDDY MERCKX
0.0,,1970,EDDY MERCKX,,,
1.0,,1970,EDDY MERCKX,,,
2.0,,1970,ITALO ZILIOLI,,,
3.1,,1970,ITALO ZILIOLI,,,
3.2,,1970,ITALO ZILIOLI,,,
4.0,,1970,ITALO ZILIOLI,,,
5.1,,1970,ITALO ZILIOLI,,,
5.2,,1970,ITALO ZILIOLI,,,
6.0,,1970,EDDY MERCKX,,,
7.1,,1970,EDDY MERCKX,,,
7.2,,1970,EDDY MERCKX,,,
8.0,,1970,EDDY MERCKX,,,
9.0,,1970,EDDY MERCKX,,,
10.0,,1970,EDDY MERCKX,,,
11.1,,1970,EDDY MERCKX,,,
11.2,,1970,EDDY MERCKX,,,
12.0,,1970,EDDY MERCKX,,,
13.0,,1970,EDDY MERCKX,,,
14.0,,1970,EDDY MERCKX,,,
15.0,,1970,EDDY MERCKX,,,
16.0,,1970,EDDY MERCKX,,,
17.0,,1970,EDDY MERCKX,,,
18.0,,1970,EDDY MERCKX,,,
19.0,,1970,EDDY MERCKX,,,
20.1,,1970,EDDY MERCKX,,,
20.2,,1970,EDDY MERCKX,,,
21.0,,1970,EDDY MERCKX,,,
22.0,,1970,EDDY MERCKX,,,
23.0,,1970,EDDY MERCKX,EDDY MERCKX,,EDDY MERCKX
0.0,,1971,JULIEN STEVENS,,,
1.1,,1971,ERIC LEMAN,,,
1.2,,1971,EDDY MERCKX,,,
1.3,,1971,EDDY MERCKX,,,
2.0,,1971,EDDY MERCKX,,,
3.0,,1971,EDDY MERCKX,,,
4.0,,1971,EDDY MERCKX,,,
5.0,,1971,EDDY MERCKX,,,
6.1,,1971,EDDY MERCKX,,,
6.2,,1971,EDDY MERCKX,,,
7.0,,1971,EDDY MERCKX,,,
8.0,,1971,EDDY MERCKX,,,
9.0,,1971,EDDY MERCKX,,,
10.0,,1971,JOOP ZOETEMELK,,,
11.0,,1971,LUIS OCANA,,,
12.0,,1971,LUIS OCANA,,,
13.0,,1971,LUIS OCANA,,,
14.0,,1971,EDDY MERCKX,,,
15.0,,1971,EDDY MERCKX,,,
16.1,,1971,EDDY MERCKX,,,
16.2,,1971,EDDY MERCKX,,,
17.0,,1971,EDDY MERCKX,,,
18.0,,1971,EDDY MERCKX,,,
19.0,,1971,EDDY MERCKX,,,
20.0,,1971,EDDY MERCKX,EDDY MERCKX,,LUCIEN VAN IMPE
0.0,,1972,EDDY MERCKX,,,
1.0,,1972,CYRILLE GUIMARD,,,
2.0,,1972,CYRILLE GUIMARD,,,
3.1,,1972,CYRILLE GUIMARD,,,
3.2,,1972,EDDY MERCKX,,,
4.0,,1972,CYRILLE GUIMARD,,,
5.1,,1972,CYRILLE GUIMARD,,,
5.2,,1972,CYRILLE GUIMARD,,,
6.0,,1972,CYRILLE GUIMARD,,,
7.0,,1972,CYRILLE GUIMARD,,,
8.0,,1972,EDDY MERCKX,,,
9.0,,1972,EDDY MERCKX,,,
10.0,,1972,EDDY MERCKX,,,
11.0,,1972,EDDY MERCKX,,,
12.0,,1972,EDDY MERCKX,,,
13.0,,1972,EDDY MERCKX,,,
14.1,,1972,EDDY MERCKX,,,
14.2,,1972,EDDY MERCKX,,,
15.0,,1972,EDDY MERCKX,,,
16.0,,1972,EDDY MERCKX,,,
17.0,,1972,EDDY MERCKX,,,
18.0,,1972,EDDY MERCKX,,,
19.0,,1972,EDDY MERCKX,,,
20.1,,1972,EDDY MERCKX,,,
20.2,,1972,EDDY MERCKX,EDDY MERCKX,,LUCIEN VAN IMPE
0.0,,1973,JOOP ZOETEMELK,,,
1.1,,1973,WILLY TEIRLINCK,,,
1.2,,1973,HERMAN VANSPRINGEL,,,
2.1,,1973,HERMAN VANSPRINGEL,,,
2.2,,1973,HERMAN VANSPRINGEL,,,
3.0,,1973,JOSÉ CATIEAU,,,
4.0,,1973,JOSÉ CATIEAU,,,
5.0,,1973,JOSÉ CATIEAU,,,
6.0,,1973,JOSÉ CATIEAU,,,
7.1,,1973,LUIS OCANA,,,
7.2,,1973,LUIS OCANA,,,
8.0,,1973,LUIS OCANA,,,
9.0,,1973,LUIS OCANA,,,
10.0,,1973,LUIS OCANA,,,
11.0,,1973,LUIS OCANA,,,
12.1,,1973,LUIS OCANA,,,
12.2,,1973,LUIS OCANA,,,
13.0,,1973,LUIS OCANA,,,
14.0,,1973,LUIS OCANA,,,
15.0,,1973,LUIS OCANA,,,
16.1,,1973,LUIS OCANA,,,
16.2,,1973,LUIS OCANA,,,
17.0,,1973,LUIS OCANA,,,
18.0,,1973,LUIS OCANA,,,
19.0,,1973,LUIS OCANA,,,
20.1,,1973,LUIS OCANA,,,
20.2,,1973,LUIS OCANA,HERMAN VANSPRINGEL,,PEDRO TORRES
0.0,,1974,EDDY MERCKX,,,
1.0,,1974,JOSEPH BRUYERE,,,
2.0,,1974,JOSEPH BRUYERE,,,
3.0,,1974,JOSEPH BRUYERE,,,
4.0,,1974,EDDY MERCKX,,,
5.0,,1974,GERBEN KARSTENS,,,
6.1,,1974,GERBEN KARSTENS,,,
6.2,,1974,GERBEN KARSTENS,,,
7.0,,1974,EDDY MERCKX,,,
8.1,,1974,EDDY MERCKX,,,
8.2,,1974,EDDY MERCKX,,,
9.0,,1974,EDDY MERCKX,,,
10.0,,1974,EDDY MERCKX,,,
11.0,,1974,EDDY MERCKX,,,
12.0,,1974,EDDY MERCKX,,,
13.0,,1974,EDDY MERCKX,,,
14.0,,1974,EDDY MERCKX,,,
15.0,,1974,EDDY MERCKX,,,
16.0,,1974,EDDY MERCKX,,,
17.0,,1974,EDDY MERCKX,,,
18.0,,1974,EDDY MERCKX,,,
19.1,,1974,EDDY MERCKX,,,
19.2,,1974,EDDY MERCKX,,,
20.0,,1974,EDDY MERCKX,,,
21.1,,1974,EDDY MERCKX,,,
21.2,,1974,EDDY MERCKX,,,
22.0,,1974,EDDY MERCKX,PATRICK SERCU,,
0.0,,1975,FRANCESCO MOSER,,,
1.1,,1975,FRANCESCO MOSER,,,
1.2,,1975,FRANCESCO MOSER,,,
2.0,,1975,FRANCESCO MOSER,,,
3.0,,1975,FRANCESCO MOSER,,,
4.0,,1975,FRANCESCO MOSER,,,
5.0,,1975,FRANCESCO MOSER,,,
6.0,,1975,EDDY MERCKX,,,
7.0,,1975,EDDY MERCKX,,,
8.0,,1975,EDDY MERCKX,,,
9.1,,1975,EDDY MERCKX,,,
9.2,,1975,EDDY MERCKX,,,
10.0,,1975,EDDY MERCKX,,,
11.0,,1975,EDDY MERCKX,,,
12.0,,1975,EDDY MERCKX,,,
13.0,,1975,EDDY MERCKX,,,
14.0,,1975,EDDY MERCKX,,,
15.0,,1975,BERNARD THEVENET,,,
16.0,,1975,BERNARD THEVENET,,,
17.0,,1975,BERNARD THEVENET,,,
18.0,,1975,BERNARD THEVENET,,,
19.0,,1975,BERNARD THEVENET,,,
20.0,,1975,BERNARD THEVENET,,,
21.0,,1975,BERNARD THEVENET,,,
22.0,,1975,BERNARD THEVENET,LUCIEN VAN IMPE,,RIK VAN LINDEN
0.0,,1976,FREDDY MAERTENS,,,
1.0,,1976,FREDDY MAERTENS,,,
2.0,,1976,FREDDY MAERTENS,,,
3.0,,1976,FREDDY MAERTENS,,,
4.0,,1976,FREDDY MAERTENS,,,
5.1,,1976,FREDDY MAERTENS,,,
5.2,,1976,FREDDY MAERTENS,,,
6.0,,1976,FREDDY MAERTENS,,,
7.0,,1976,FREDDY MAERTENS,,,
8.0,,1976,FREDDY MAERTENS,,,
9.0,,1976,LUCIEN VAN IMPE,,,
10.0,,1976,LUCIEN VAN IMPE,,,
11.0,,1976,LUCIEN VAN IMPE,,,
12.0,,1976,RAYMOND DELISLE,,,
13.0,,1976,RAYMOND DELISLE,,,
14.0,,1976,LUCIEN VAN IMPE,,,
15.0,,1976,LUCIEN VAN IMPE,,,
16.0,,1976,LUCIEN VAN IMPE,,,
17.0,,1976,LUCIEN VAN IMPE,,,
18.1,,1976,LUCIEN VAN IMPE,,,
18.2,,1976,LUCIEN VAN IMPE,,,
18.3,,1976,LUCIEN VAN IMPE,,,
19.0,,1976,LUCIEN VAN IMPE,,,
20.0,,1976,LUCIEN VAN IMPE,,,
21.0,,1976,LUCIEN VAN IMPE,,,
22.1,,1976,LUCIEN VAN IMPE,,,
22.2,,1976,LUCIEN VAN IMPE,FREDDY MAERTENS,,GIANCARLO BELLINI
0.0,,1977,DIETRICH THURAU,,,
1.0,,1977,DIETRICH THURAU,,,
2.0,,1977,DIETRICH THURAU,,,
3.0,,1977,DIETRICH THURAU,,,
4.0,,1977,DIETRICH THURAU,,,
5.1,,1977,DIETRICH THURAU,,,
5.2,,1977,DIETRICH THURAU,,,
6.0,,1977,DIETRICH THURAU,,,
7.1,,1977,DIETRICH THURAU,,,
7.2,,1977,DIETRICH THURAU,,,
8.0,,1977,DIETRICH THURAU,,,
9.0,,1977,DIETRICH THURAU,,,
10.0,,1977,DIETRICH THURAU,,,
11.0,,1977,DIETRICH THURAU,,,
12.0,,1977,DIETRICH THURAU,,,
13.1,,1977,DIETRICH THURAU,,,
13.2,,1977,DIETRICH THURAU,,,
14.0,,1977,DIETRICH THURAU,,,
15.1,,1977,DIETRICH THURAU,,,
15.2,,1977,BERNARD THEVENET,,,
16.0,,1977,BERNARD THEVENET,,,
17.0,,1977,BERNARD THEVENET,,,
18.0,,1977,BERNARD THEVENET,,,
19.0,,1977,BERNARD THEVENET,,,
20.0,,1977,BERNARD THEVENET,,,
21.0,,1977,BERNARD THEVENET,,,
22.1,,1977,BERNARD THEVENET,,,
22.2,,1977,BERNARD THEVENET,JACQUES ESCLASSAN,DIETRICH THURAU,LUCIEN VAN IMPE
0.0,,1978,JAN RAAS,,,
1.1,,1978,JAN RAAS,,,
1.2,,1978,JAN RAAS,,,
2.0,,1978,JAN RAAS,,,
3.0,,1978,JACQUES BOSSIS,,,
4.0,,1978,KLAUS-PETER THALER,,,
5.0,,1978,KLAUS-PETER THALER,,,
6.0,,1978,GERRIE KNETEMANN,,,
7.0,,1978,GERRIE KNETEMANN,,,
8.0,,1978,JOSEPH BRUYERE,,,
9.0,,1978,JOSEPH BRUYERE,,,
10.0,,1978,JOSEPH BRUYERE,,,
11.0,,1978,JOSEPH BRUYERE,,,
12.1,,1978,JOSEPH BRUYERE,,,
12.2,,1978,JOSEPH BRUYERE,,,
13.0,,1978,JOSEPH BRUYERE,,,
14.0,,1978,JOSEPH BRUYERE,,,
15.0,,1978,JOSEPH BRUYERE,,,
16.0,,1978,JOOP ZOETEMELK,,,
17.0,,1978,JOOP ZOETEMELK,,,
18.0,,1978,JOOP ZOETEMELK,,,
19.0,,1978,JOOP ZOETEMELK,,,
20.0,,1978,BERNARD HINAULT,,,
21.0,,1978,BERNARD HINAULT,,,
22.0,,1978,BERNARD HINAULT,FREDDY MAERTENS,HENK LUBBERDING,MARIANO MARTINEZ
0.0,,1979,GERRIE KNETEMANN,,,
1.0,,1979,JEAN-RENÉ BERNAUDEAU,,,
2.0,,1979,BERNARD HINAULT,,,
3.0,,1979,BERNARD HINAULT,,,
4.0,,1979,BERNARD HINAULT,,,
5.0,,1979,BERNARD HINAULT,,,
6.0,,1979,BERNARD HINAULT,,,
7.0,,1979,BERNARD HINAULT,,,
8.0,,1979,BERNARD HINAULT,,,
9.0,,1979,JOOP ZOETEMELK,,,
10.0,,1979,JOOP ZOETEMELK,,,
11.0,,1979,JOOP ZOETEMELK,,,
12.0,,1979,JOOP ZOETEMELK,,,
13.0,,1979,JOOP ZOETEMELK,,,
14.0,,1979,JOOP ZOETEMELK,,,
15.0,,1979,BERNARD HINAULT,,,
16.0,,1979,BERNARD HINAULT,,,
17.0,,1979,BERNARD HINAULT,,,
18.0,,1979,BERNARD HINAULT,,,
19.0,,1979,BERNARD HINAULT,,,
20.0,,1979,BERNARD HINAULT,,,
21.0,,1979,BERNARD HINAULT,,,
22.0,,1979,BERNARD HINAULT,,,
23.0,,1979,BERNARD HINAULT,,,
24.0,,1979,BERNARD HINAULT,BERNARD HINAULT,JEAN-RENÉ BERNAUDEAU,GIOVANNI BATTAGLIN
0.0,,1980,BERNARD HINAULT,,,
1.1,,1980,BERNARD HINAULT,,,
1.2,,1980,GERRIE KNETEMANN,,,
2.0,,1980,YVON BERTIN,,,
3.0,,1980,RUDY PEVENAGE,,,
4.0,,1980,RUDY PEVENAGE,,,
5.0,,1980,RUDY PEVENAGE,,,
6.0,,1980,RUDY PEVENAGE,,,
7.1,,1980,RUDY PEVENAGE,,,
7.2,,1980,RUDY PEVENAGE,,,
8.0,,1980,RUDY PEVENAGE,,,
9.0,,1980,RUDY PEVENAGE,,,
10.0,,1980,RUDY PEVENAGE,,,
11.0,,1980,BERNARD HINAULT,,,
12.0,,1980,BERNARD HINAULT,,,
13.0,,1980,JOOP ZOETEMELK,,,
14.0,,1980,JOOP ZOETEMELK,,,
15.0,,1980,JOOP ZOETEMELK,,,
16.0,,1980,JOOP ZOETEMELK,,,
17.0,,1980,JOOP ZOETEMELK,,,
18.0,,1980,JOOP ZOETEMELK,,,
19.0,,1980,JOOP ZOETEMELK,,,
20.0,,1980,JOOP ZOETEMELK,,,
21.0,,1980,JOOP ZOETEMELK,,,
22.0,,1980,JOOP ZOETEMELK,RUDY PEVENAGE,JOHAN VAN DER VELDE,RAYMOND MARTIN
0.0,,1981,BERNARD HINAULT,,,
1.1,,1981,BERNARD HINAULT,,,
1.2,,1981,GERRIE KNETEMANN,,,
2.0,,1981,GERRIE KNETEMANN,,,
3.0,,1981,GERRIE KNETEMANN,,,
4.0,,1981,GERRIE KNETEMANN,,,
5.0,,1981,PHIL ANDERSON,,,
6.0,,1981,BERNARD HINAULT,,,
7.0,,1981,BERNARD HINAULT,,,
8.0,,1981,BERNARD HINAULT,,,
9.0,,1981,BERNARD HINAULT,,,
10.0,,1981,BERNARD HINAULT,,,
11.0,,1981,BERNARD HINAULT,,,
12.1,,1981,BERNARD HINAULT,,,
12.2,,1981,BERNARD HINAULT,,,
13.0,,1981,BERNARD HINAULT,,,
14.0,,1981,BERNARD HINAULT,,,
15.0,,1981,BERNARD HINAULT,,,
16.0,,1981,BERNARD HINAULT,,,
17.0,,1981,BERNARD HINAULT,,,
18.0,,1981,BERNARD HINAULT,,,
19.0,,1981,BERNARD HINAULT,,,
20.0,,1981,BERNARD HINAULT,,,
21.0,,1981,BERNARD HINAULT,,,
22.0,,1981,BERNARD HINAULT,FREDDY MAERTENS,PETER WINNEN,LUCIEN VAN IMPE
0.0,,1982,BERNARD HINAULT,,,
1.0,,1982,LUDO PEETERS,,,
2.0,,1982,PHIL ANDERSON,,,
3.0,,1982,PHIL ANDERSON,,,
4.0,,1982,PHIL ANDERSON,,,
5.0,,1982,PHIL ANDERSON,,,
6.0,,1982,PHIL ANDERSON,,,
7.0,,1982,PHIL ANDERSON,,,
8.0,,1982,PHIL ANDERSON,,,
9.1,,1982,PHIL ANDERSON,,,
9.2,,1982,PHIL ANDERSON,,,
10.0,,1982,PHIL ANDERSON,,,
11.0,,1982,BERNARD HINAULT,,,
12.0,,1982,BERNARD HINAULT,,,
13.0,,1982,BERNARD HINAULT,,,
14.0,,1982,BERNARD HINAULT,,,
15.0,,1982,BERNARD HINAULT,,,
16.0,,1982,BERNARD HINAULT,,,
17.0,,1982,BERNARD HINAULT,,,
18.0,,1982,BERNARD HINAULT,,,
19.0,,1982,BERNARD HINAULT,,,
20.0,,1982,BERNARD HINAULT,,,
21.0,,1982,BERNARD HINAULT,SEAN KELLY,PHIL ANDERSON,BERNARD VALLET
0.0,,1983,ERIC VANDERAERDEN,,,
1.0,,1983,ERIC VANDERAERDEN,,,
2.0,,1983,JEAN-LOUIS GAUTHIER,,,
3.0,,1983,KIM ANDERSEN,,,
4.0,,1983,KIM ANDERSEN,,,
5.0,,1983,KIM ANDERSEN,,,
6.0,,1983,KIM ANDERSEN,,,
7.0,,1983,KIM ANDERSEN,,,
8.0,,1983,KIM ANDERSEN,,,
9.0,,1983,SEAN KELLY,,,
10.0,,1983,PASCAL SIMON,,,
11.0,,1983,PASCAL SIMON,,,
12.0,,1983,PASCAL SIMON,,,
13.0,,1983,PASCAL SIMON,,,
14.0,,1983,PASCAL SIMON,,,
15.0,,1983,PASCAL SIMON,,,
16.0,,1983,PASCAL SIMON,,,
17.0,,1983,LAURENT FIGNON,,,
18.0,,1983,LAURENT FIGNON,,,
19.0,,1983,LAURENT FIGNON,,,
20.0,,1983,LAURENT FIGNON,,,
21.0,,1983,LAURENT FIGNON,,,
22.0,,1983,LAURENT FIGNON,SEAN KELLY,,LUCIEN VAN IMPE
0.0,,1984,BERNARD HINAULT,,,
1.0,,1984,HENNIE KUIPER,,,
2.0,,1984,JACQUES HANEGRAAF,,,
3.0,,1984,JACQUES HANEGRAAF,,,
4.0,,1984,ADRI VAN DER POEL,,,
5.0,,1984,VINCENT BARTEAU,,,
6.0,,1984,VINCENT BARTEAU,,,
7.0,,1984,VINCENT BARTEAU,,,
8.0,,1984,VINCENT BARTEAU,,,
9.0,,1984,VINCENT BARTEAU,,,
10.0,,1984,VINCENT BARTEAU,,,
11.0,,1984,VINCENT BARTEAU,,,
12.0,,1984,VINCENT BARTEAU,,,
13.0,,1984,VINCENT BARTEAU,,,
14.0,,1984,VINCENT BARTEAU,,,
15.0,,1984,VINCENT BARTEAU,,,
16.0,,1984,VINCENT BARTEAU,,,
17.0,,1984,LAURENT FIGNON,,,
18.0,,1984,LAURENT FIGNON,,,
19.0,,1984,LAURENT FIGNON,,,
20.0,,1984,LAURENT FIGNON,,,
21.0,,1984,LAURENT FIGNON,,,
22.0,,1984,LAURENT FIGNON,,,
23.0,,1984,LAURENT FIGNON,FRANK HOSTE,GREG LEMOND,ROBERT MILLAR
0.0,,1985,BERNARD HINAULT,,,
1.0,,1985,ERIC VANDERAERDEN,,,
2.0,,1985,ERIC VANDERAERDEN,,,
3.0,,1985,ERIC VANDERAERDEN,,,
4.0,,1985,KIM ANDERSEN,,,
5.0,,1985,KIM ANDERSEN,,,
6.0,,1985,KIM ANDERSEN,,,
7.0,,1985,KIM ANDERSEN,,,
8.0,,1985,BERNARD HINAULT,,,
9.0,,1985,BERNARD HINAULT,,,
10.0,,1985,BERNARD HINAULT,,,
11.0,,1985,BERNARD HINAULT,,,
12.0,,1985,BERNARD HINAULT,,,
13.0,,1985,BERNARD HINAULT,,,
14.0,,1985,BERNARD HINAULT,,,
15.0,,1985,BERNARD HINAULT,,,
16.0,,1985,BERNARD HINAULT,,,
17.0,,1985,BERNARD HINAULT,,,
18.1,,1985,BERNARD HINAULT,,,
18.2,,1985,BERNARD HINAULT,,,
19.0,,1985,BERNARD HINAULT,,,
20.0,,1985,BERNARD HINAULT,,,
21.0,,1985,BERNARD HINAULT,,,
22.0,,1985,BERNARD HINAULT,SEAN KELLY,,LUIS ''LUCHO'' HERRERA
0.0,,1986,THIERRY MARIE,,,
1.0,,1986,ALEX STIEDA,,,
2.0,,1986,THIERRY MARIE,,,
3.0,,1986,THIERRY MARIE,,,
4.0,,1986,DOMINIQUE GAIGNE,,,
5.0,,1986,JOHAN VAN DER VELDE,,,
6.0,,1986,JOHAN VAN DER VELDE,,,
7.0,,1986,JORGEN PEDERSEN,,,
8.0,,1986,JORGEN PEDERSEN,,,
9.0,,1986,JORGEN PEDERSEN,,,
10.0,,1986,JORGEN PEDERSEN,,,
11.0,,1986,JORGEN PEDERSEN,,,
12.0,,1986,BERNARD HINAULT,,,
13.0,,1986,BERNARD HINAULT,,,
14.0,,1986,BERNARD HINAULT,,,
15.0,,1986,BERNARD HINAULT,,,
16.0,,1986,BERNARD HINAULT,,,
17.0,,1986,GREG LEMOND,,,
18.0,,1986,GREG LEMOND,,,
19.0,,1986,GREG LEMOND,,,
20.0,,1986,GREG LEMOND,,,
21.0,,1986,GREG LEMOND,,,
22.0,,1986,GREG LEMOND,,,
23.0,,1986,GREG LEMOND,ERIC VANDERAERDEN,ANDREW ''ANDY'' HAMPSTEN,BERNARD HINAULT
16.0,,1987,CHARLY MOTTET,,,
0.0,,1987,JELLE NIJDAM,,,
1.0,,1987,LECH PIASECKI,,,
2.0,,1987,LECH PIASECKI,,,
3.0,,1987,ERICH MAECHLER,,,
4.0,,1987,ERICH MAECHLER,,,
5.0,,1987,ERICH MAECHLER,,,
6.0,,1987,ERICH MAECHLER,,,
7.0,,1987,ERICH MAECHLER,,,
8.0,,1987,ERICH MAECHLER,,,
9.0,,1987,ERICH MAECHLER,,,
10.0,,1987,CHARLY MOTTET,,,
11.0,,1987,MARTIAL GAYANT,,,
12.0,,1987,MARTIAL GAYANT,,,
13.0,,1987,CHARLY MOTTET,,,
14.0,,1987,CHARLY MOTTET,,,
15.0,,1987,CHARLY MOTTET,,,
17.0,,1987,CHARLY MOTTET,,,
18.0,,1987,JEAN-FRANÇOIS BERNARD,,,
19.0,,1987,STEPHEN ROCHE,,,
20.0,,1987,PEDRO DELGADO,,,
21.0,,1987,PEDRO DELGADO,,,
22.0,,1987,PEDRO DELGADO,,,
23.0,,1987,PEDRO DELGADO,,,
24.0,,1987,STEPHEN ROCHE,,,
25.0,,1987,STEPHEN ROCHE,JEAN-PAUL VAN POPPEL,RAÚL ALCALÁ,LUIS ''LUCHO'' HERRERA
0.0,,1988,GUIDO BONTEMPI,,,
1.0,,1988,STEVE BAUER,,,
2.0,,1988,TEUN VAN VLIET,,,
3.0,,1988,TEUN VAN VLIET,,,
4.0,,1988,TEUN VAN VLIET,,,
5.0,,1988,HENK LUBBERDING,,,
6.0,,1988,JELLE NIJDAM,,,
7.0,,1988,JELLE NIJDAM,,,
8.0,,1988,STEVE BAUER,,,
9.0,,1988,STEVE BAUER,,,
10.0,,1988,STEVE BAUER,,,
11.0,,1988,STEVE BAUER,,,
12.0,,1988,PEDRO DELGADO,,,
13.0,,1988,PEDRO DELGADO,,,
14.0,,1988,PEDRO DELGADO,,,
15.0,,1988,PEDRO DELGADO,,,
16.0,,1988,PEDRO DELGADO,,,
17.0,,1988,PEDRO DELGADO,,,
18.0,,1988,PEDRO DELGADO,,,
19.0,,1988,PEDRO DELGADO,,,
20.0,,1988,PEDRO DELGADO,,,
21.0,,1988,PEDRO DELGADO,,,
22.0,,1988,PEDRO DELGADO,STEVEN ROOKS,,STEVEN ROOKS
0.0,,1989,ERIK BREUKINK,,,
1.0,,1989,ACACIO DA SILVA,,,
2.0,,1989,ACACIO DA SILVA,,,
3.0,,1989,ACACIO DA SILVA,,,
4.0,,1989,ACACIO DA SILVA,,,
5.0,,1989,GREG LEMOND,,,
6.0,,1989,GREG LEMOND,,,
7.0,,1989,GREG LEMOND,,,
8.0,,1989,GREG LEMOND,,,
9.0,,1989,GREG LEMOND,,,
10.0,,1989,LAURENT FIGNON,,,
11.0,,1989,LAURENT FIGNON,,,
12.0,,1989,LAURENT FIGNON,,,
13.0,,1989,LAURENT FIGNON,,,
14.0,,1989,LAURENT FIGNON,,,
15.0,,1989,GREG LEMOND,,,
16.0,,1989,GREG LEMOND,,,
17.0,,1989,LAURENT FIGNON,,,
18.0,,1989,LAURENT FIGNON,,,
19.0,,1989,LAURENT FIGNON,,,
20.0,,1989,LAURENT FIGNON,,,
21.0,,1989,GREG LEMOND,SEAN KELLY,FABRICE PHILIPOT,GERT-JAN THEUNISSE
0.0,,1990,THIERRY MARIE,,,
1.0,,1990,STEVE BAUER,,,
2.0,,1990,STEVE BAUER,,,
3.0,,1990,STEVE BAUER,,,
4.0,,1990,STEVE BAUER,,,
5.0,,1990,STEVE BAUER,,,
6.0,,1990,STEVE BAUER,,,
7.0,,1990,STEVE BAUER,,,
8.0,,1990,STEVE BAUER,,,
9.0,,1990,STEVE BAUER,,,
10.0,,1990,RONAN PENSEC,,,
11.0,,1990,RONAN PENSEC,,,
12.0,,1990,CLAUDIO CHIAPPUCCI,,,
13.0,,1990,CLAUDIO CHIAPPUCCI,,,
14.0,,1990,CLAUDIO CHIAPPUCCI,,,
15.0,,1990,CLAUDIO CHIAPPUCCI,,,
16.0,,1990,CLAUDIO CHIAPPUCCI,,,
17.0,,1990,CLAUDIO CHIAPPUCCI,,,
18.0,,1990,CLAUDIO CHIAPPUCCI,,,
19.0,,1990,CLAUDIO CHIAPPUCCI,,,
20.0,,1990,GREG LEMOND,,,
21.0,,1990,GREG LEMOND,OLAF LUDWIG,GILLES DELION,THIERRY CLAVEYROLAT
0.0,,1991,THIERRY MARIE,,,
1.0,,1991,GREG LEMOND,,,
2.0,,1991,ROLF SORENSEN,,,
3.0,,1991,ROLF SORENSEN,,,
4.0,,1991,ROLF SORENSEN,,,
5.0,,1991,ROLF SORENSEN,,,
6.0,,1991,THIERRY MARIE,,,
7.0,,1991,THIERRY MARIE,,,
8.0,,1991,GREG LEMOND,,,
9.0,,1991,GREG LEMOND,,,
10.0,,1991,GREG LEMOND,,,
11.0,,1991,GREG LEMOND,,,
12.0,,1991,LUC LEBLANC,,,
13.0,,1991,MIGUEL INDURAIN,,,
14.0,,1991,MIGUEL INDURAIN,,,
15.0,,1991,MIGUEL INDURAIN,,,
16.0,,1991,MIGUEL INDURAIN,,,
17.0,,1991,MIGUEL INDURAIN,,,
18.0,,1991,MIGUEL INDURAIN,,,
19.0,,1991,MIGUEL INDURAIN,,,
20.0,,1991,MIGUEL INDURAIN,,,
21.0,,1991,MIGUEL INDURAIN,,,
22.0,,1991,MIGUEL INDURAIN,DJAMOLIDINE ABDOUJAPAROV,ALVARO MEJIA,CLAUDIO CHIAPPUCCI
0.0,,1992,MIGUEL INDURAIN,,,
1.0,,1992,ALEX ZULLE,,,
2.0,,1992,RICHARD VIRENQUE,,,
3.0,,1992,PASCAL LINO,,,
4.0,,1992,PASCAL LINO,,,
5.0,,1992,PASCAL LINO,,,
6.0,,1992,PASCAL LINO,,,
7.0,,1992,PASCAL LINO,,,
8.0,,1992,PASCAL LINO,,,
9.0,,1992,PASCAL LINO,,,
10.0,,1992,PASCAL LINO,,,
11.0,,1992,PASCAL LINO,,,
12.0,,1992,PASCAL LINO,,,
13.0,,1992,MIGUEL INDURAIN,,,
14.0,,1992,MIGUEL INDURAIN,,,
15.0,,1992,MIGUEL INDURAIN,,,
16.0,,1992,MIGUEL INDURAIN,,,
17.0,,1992,MIGUEL INDURAIN,,,
18.0,,1992,MIGUEL INDURAIN,,,
19.0,,1992,MIGUEL INDURAIN,,,
20.0,,1992,MIGUEL INDURAIN,,,
21.0,,1992,MIGUEL INDURAIN,LAURENT JALABERT,EDDY BOUWMANS,CLAUDIO CHIAPPUCCI
0.0,,1993,MIGUEL INDURAIN,,,
1.0,,1993,MIGUEL INDURAIN,,,
2.0,,1993,WILFRIED NELISSEN,,,
3.0,,1993,WILFRIED NELISSEN,,,
4.0,,1993,MARIO CIPOLLINI,,,
5.0,,1993,WILFRIED NELISSEN,,,
6.0,,1993,MARIO CIPOLLINI,,,
7.0,,1993,JOHAN MUSEEUW,,,
8.0,,1993,JOHAN MUSEEUW,,,
9.0,,1993,MIGUEL INDURAIN,,,
10.0,,1993,MIGUEL INDURAIN,,,
11.0,,1993,MIGUEL INDURAIN,,,
12.0,,1993,MIGUEL INDURAIN,,,
13.0,,1993,MIGUEL INDURAIN,,,
14.0,,1993,MIGUEL INDURAIN,,,
15.0,,1993,MIGUEL INDURAIN,,,
16.0,,1993,MIGUEL INDURAIN,,,
17.0,,1993,MIGUEL INDURAIN,,,
18.0,,1993,MIGUEL INDURAIN,,,
19.0,,1993,MIGUEL INDURAIN,,,
20.0,,1993,MIGUEL INDURAIN,DJAMOLIDINE ABDOUJAPAROV,ANTONIO MARTIN,TONY ROMINGER
0.0,,1994,CHRIS BOARDMAN,,,
1.0,,1994,CHRIS BOARDMAN,,,
2.0,,1994,CHRIS BOARDMAN,,,
3.0,,1994,JOHAN MUSEEUW,,,
4.0,,1994,FLAVIO VANZELLA,,,
5.0,,1994,FLAVIO VANZELLA,,,
6.0,,1994,SEAN YATES,,,
7.0,,1994,JOHAN MUSEEUW,,,
8.0,,1994,JOHAN MUSEEUW,,,
9.0,,1994,MIGUEL INDURAIN,,,
10.0,,1994,MIGUEL INDURAIN,,,
11.0,,1994,MIGUEL INDURAIN,,,
12.0,,1994,MIGUEL INDURAIN,,,
13.0,,1994,MIGUEL INDURAIN,,,
14.0,,1994,MIGUEL INDURAIN,,,
15.0,,1994,MIGUEL INDURAIN,,,
16.0,,1994,MIGUEL INDURAIN,,,
17.0,,1994,MIGUEL INDURAIN,,,
18.0,,1994,MIGUEL INDURAIN,,,
19.0,,1994,MIGUEL INDURAIN,,,
20.0,,1994,MIGUEL INDURAIN,,,
21.0,,1994,MIGUEL INDURAIN,DJAMOLIDINE ABDOUJAPAROV,,RICHARD VIRENQUE
0.0,,1995,JACKY DURAND,,,
1.0,,1995,JACKY DURAND,,,
2.0,,1995,LAURENT JALABERT,,,
3.0,,1995,LAURENT JALABERT,,,
4.0,,1995,IVAN GOTTI,,,
5.0,,1995,IVAN GOTTI,,,
6.0,,1995,BJARNE RIIS,,,
7.0,,1995,JOHAN BRUYNEEL,,,
8.0,,1995,MIGUEL INDURAIN,,,
9.0,,1995,MIGUEL INDURAIN,,,
10.0,,1995,MIGUEL INDURAIN,,,
11.0,,1995,MIGUEL INDURAIN,,,
12.0,,1995,MIGUEL INDURAIN,,,
13.0,,1995,MIGUEL INDURAIN,,,
14.0,,1995,MIGUEL INDURAIN,,,
15.0,,1995,MIGUEL INDURAIN,,,
16.0,,1995,MIGUEL INDURAIN,,,
17.0,,1995,MIGUEL INDURAIN,,,
18.0,,1995,MIGUEL INDURAIN,,,
19.0,,1995,MIGUEL INDURAIN,,,
20.0,,1995,MIGUEL INDURAIN,LAURENT JALABERT,MARCO PANTANI,RICHARD VIRENQUE
0.0,,1996,ALEX ZULLE,,,
1.0,,1996,ALEX ZULLE,,,
2.0,,1996,ALEX ZULLE,,,
3.0,,1996,FRÉDÉRIC MONCASSIN,,,
4.0,,1996,STÉPHANE HEULOT,,,
5.0,,1996,STÉPHANE HEULOT,,,
6.0,,1996,STÉPHANE HEULOT,,,
7.0,,1996,EVGUENI BERZIN,,,
8.0,,1996,EVGUENI BERZIN,,,
9.0,,1996,BJARNE RIIS,,,
10.0,,1996,BJARNE RIIS,,,
11.0,,1996,BJARNE RIIS,,,
12.0,,1996,BJARNE RIIS,,,
13.0,,1996,BJARNE RIIS,,,
14.0,,1996,BJARNE RIIS,,,
15.0,,1996,BJARNE RIIS,,,
16.0,,1996,BJARNE RIIS,,,
17.0,,1996,BJARNE RIIS,,,
18.0,,1996,BJARNE RIIS,,,
19.0,,1996,BJARNE RIIS,,,
20.0,,1996,BJARNE RIIS,,,
21.0,,1996,BJARNE RIIS,ERIK ZABEL,JAN ULLRICH,RICHARD VIRENQUE
0.0,,1997,CHRIS BOARDMAN,CHRIS BOARDMAN,JAN ULLRICH,CYRIL SAUGRAIN
1.0,,1997,MARIO CIPOLLINI,MARIO CIPOLLINI,JAN ULLRICH,ARTURAS KASPUTIS
2.0,,1997,MARIO CIPOLLINI,MARIO CIPOLLINI,JAN ULLRICH,LAURENT BROCHARD
3.0,,1997,MARIO CIPOLLINI,ERIK ZABEL,JAN ULLRICH,LAURENT BROCHARD
4.0,,1997,MARIO CIPOLLINI,ERIK ZABEL,JAN ULLRICH,LAURENT BROCHARD
5.0,,1997,CÉDRIC VASSEUR,ERIK ZABEL,JAN ULLRICH,LAURENT BROCHARD
6.0,,1997,CÉDRIC VASSEUR,ERIK ZABEL,JAN ULLRICH,LAURENT BROCHARD
7.0,,1997,CÉDRIC VASSEUR,ERIK ZABEL,JAN ULLRICH,LAURENT BROCHARD
8.0,,1997,CÉDRIC VASSEUR,ERIK ZABEL,JAN ULLRICH,LAURENT BROCHARD
9.0,,1997,CÉDRIC VASSEUR,ERIK ZABEL,JAN ULLRICH,LAURENT BROCHARD
10.0,,1997,JAN ULLRICH,ERIK ZABEL,JAN ULLRICH,RICHARD VIRENQUE
11.0,,1997,JAN ULLRICH,ERIK ZABEL,JAN ULLRICH,RICHARD VIRENQUE
12.0,,1997,JAN ULLRICH,ERIK ZABEL,JAN ULLRICH,RICHARD VIRENQUE
13.0,,1997,JAN ULLRICH,ERIK ZABEL,JAN ULLRICH,RICHARD VIRENQUE
14.0,,1997,JAN ULLRICH,ERIK ZABEL,JAN ULLRICH,RICHARD VIRENQUE
15.0,,1997,JAN ULLRICH,ERIK ZABEL,JAN ULLRICH,RICHARD VIRENQUE
16.0,,1997,JAN ULLRICH,ERIK ZABEL,JAN ULLRICH,RICHARD VIRENQUE
17.0,,1997,JAN ULLRICH,ERIK ZABEL,JAN ULLRICH,RICHARD VIRENQUE
18.0,,1997,JAN ULLRICH,ERIK ZABEL,JAN ULLRICH,RICHARD VIRENQUE
19.0,,1997,JAN ULLRICH,ERIK ZABEL,JAN ULLRICH,RICHARD VIRENQUE
20.0,,1997,JAN ULLRICH,ERIK ZABEL,JAN ULLRICH,RICHARD VIRENQUE
21.0,,1997,JAN ULLRICH,ERIK ZABEL,JAN ULLRICH,RICHARD VIRENQUE
0.0,,1998,CHRIS BOARDMAN,CHRIS BOARDMAN,JAN ULLRICH,
1.0,,1998,CHRIS BOARDMAN,TOM STEELS,JAN ULLRICH,STEFANO ZANINI
2.0,,1998,ERIK ZABEL,TOM STEELS,JAN ULLRICH,STEFANO ZANINI
3.0,,1998,BO HAMBURGER,JAN SVORADA,GEORGE HINCAPIE,PASCAL HERVE
4.0,,1998,STUART O'GRADY,JAN SVORADA,STUART O'GRADY,PASCAL HERVE
5.0,,1998,STUART O'GRADY,ERIK ZABEL,STUART O'GRADY,PASCAL HERVE
6.0,,1998,STUART O'GRADY,ERIK ZABEL,STUART O'GRADY,PASCAL HERVE
7.0,,1998,JAN ULLRICH,ERIK ZABEL,JAN ULLRICH,STEFANO ZANINI
8.0,,1998,LAURENT DESBIENS,ERIK ZABEL,JAN ULLRICH,STEFANO ZANINI
9.0,,1998,LAURENT DESBIENS,ERIK ZABEL,JAN ULLRICH,JENS VOIGT
10.0,,1998,JAN ULLRICH,ERIK ZABEL,JAN ULLRICH,RODOLFO MASSI
11.0,,1998,JAN ULLRICH,ERIK ZABEL,JAN ULLRICH,RODOLFO MASSI
12.0,,1998,JAN ULLRICH,ERIK ZABEL,JAN ULLRICH,RODOLFO MASSI
13.0,,1998,JAN ULLRICH,ERIK ZABEL,JAN ULLRICH,RODOLFO MASSI
14.0,,1998,JAN ULLRICH,ERIK ZABEL,JAN ULLRICH,RODOLFO MASSI
15.0,,1998,MARCO PANTANI,ERIK ZABEL,JAN ULLRICH,RODOLFO MASSI
16.0,,1998,MARCO PANTANI,ERIK ZABEL,JAN ULLRICH,RODOLFO MASSI
17.0,,1998,MARCO PANTANI,ERIK ZABEL,JAN ULLRICH,RODOLFO MASSI
18.0,,1998,MARCO PANTANI,ERIK ZABEL,JAN ULLRICH,CHRISTOPHE RINERO
19.0,,1998,MARCO PANTANI,ERIK ZABEL,JAN ULLRICH,CHRISTOPHE RINERO
20.0,,1998,MARCO PANTANI,ERIK ZABEL,JAN ULLRICH,CHRISTOPHE RINERO
21.0,,1998,MARCO PANTANI,ERIK ZABEL,JAN ULLRICH,CHRISTOPHE RINERO
0.0,,1999,,ALEX ZULLE,RIK VERBRUGGHE,MARIANO PICCOLI
1.0,,1999,,JAAN KIRSIPUU,RIK VERBRUGGHE,MARIANO PICCOLI
2.0,,1999,JAAN KIRSIPUU,JAAN KIRSIPUU,CHRISTIAN VANDE VELDE,MARIANO PICCOLI
3.0,,1999,JAAN KIRSIPUU,JAAN KIRSIPUU,CHRISTIAN VANDE VELDE,MARIANO PICCOLI
4.0,,1999,JAAN KIRSIPUU,JAAN KIRSIPUU,CHRISTIAN VANDE VELDE,MARIANO PICCOLI
5.0,,1999,JAAN KIRSIPUU,JAAN KIRSIPUU,CHRISTIAN VANDE VELDE,MARIANO PICCOLI
6.0,,1999,JAAN KIRSIPUU,JAAN KIRSIPUU,CHRISTIAN VANDE VELDE,MARIANO PICCOLI
7.0,,1999,JAAN KIRSIPUU,JAAN KIRSIPUU,CHRISTIAN VANDE VELDE,MARIANO PICCOLI
8.0,,1999,,JAAN KIRSIPUU,MAGNUS BACKSTEDT,MARIANO PICCOLI
9.0,,1999,,STUART O'GRADY,BENOIT SALMON,RICHARD VIRENQUE
10.0,,1999,,STUART O'GRADY,BENOIT SALMON,RICHARD VIRENQUE
11.0,,1999,,STUART O'GRADY,BENOIT SALMON,RICHARD VIRENQUE
12.0,,1999,,ERIK ZABEL,BENOIT SALMON,RICHARD VIRENQUE
13.0,,1999,,ERIK ZABEL,BENOIT SALMON,RICHARD VIRENQUE
14.0,,1999,,ERIK ZABEL,BENOIT SALMON,RICHARD VIRENQUE
15.0,,1999,,ERIK ZABEL,BENOIT SALMON,RICHARD VIRENQUE
16.0,,1999,,ERIK ZABEL,BENOIT SALMON,RICHARD VIRENQUE
17.0,,1999,,ERIK ZABEL,BENOIT SALMON,RICHARD VIRENQUE
18.0,,1999,,ERIK ZABEL,BENOIT SALMON,RICHARD VIRENQUE
19.0,,1999,,ERIK ZABEL,BENOIT SALMON,RICHARD VIRENQUE
20.0,,1999,,ERIK ZABEL,BENOIT SALMON,RICHARD VIRENQUE
1.0,,2000,DAVID MILLAR,DAVID MILLAR,DAVID MILLAR,MARCEL WUST
2.0,,2000,DAVID MILLAR,TOM STEELS,DAVID MILLAR,MARCEL WUST
3.0,,2000,DAVID MILLAR,TOM STEELS,DAVID MILLAR,MARCEL WUST
4.0,,2000,LAURENT JALABERT,TOM STEELS,DAVID CAÑADA GRACIA,MARCEL WUST
5.0,,2000,LAURENT JALABERT,TOM STEELS,DAVID CAÑADA GRACIA,PAOLO BETTINI
6.0,,2000,ALBERTO ELLI,TOM STEELS,SALVATORE COMMESSO,PAOLO BETTINI
7.0,,2000,ALBERTO ELLI,MARCEL WUST,SALVATORE COMMESSO,PAOLO BETTINI
8.0,,2000,ALBERTO ELLI,MARCEL WUST,SALVATORE COMMESSO,ERIK DEKKER
9.0,,2000,ALBERTO ELLI,ERIK ZABEL,SALVATORE COMMESSO,ERIK DEKKER
10.0,,2000,,ERIK ZABEL,FRANCISCO MANCEBO,JAVIER OTXOA
11.0,,2000,,ERIK ZABEL,FRANCISCO MANCEBO,JAVIER OTXOA
12.0,,2000,,ERIK ZABEL,FRANCISCO MANCEBO,JAVIER OTXOA
13.0,,2000,,ERIK ZABEL,FRANCISCO MANCEBO,JAVIER OTXOA
14.0,,2000,,ERIK ZABEL,FRANCISCO MANCEBO,SANTIAGO BOTERO
15.0,,2000,,ERIK ZABEL,FRANCISCO MANCEBO,SANTIAGO BOTERO
16.0,,2000,,ERIK ZABEL,FRANCISCO MANCEBO,SANTIAGO BOTERO
17.0,,2000,,ERIK ZABEL,FRANCISCO MANCEBO,SANTIAGO BOTERO
18.0,,2000,,ERIK ZABEL,FRANCISCO MANCEBO,SANTIAGO BOTERO
19.0,,2000,,ERIK ZABEL,FRANCISCO MANCEBO,SANTIAGO BOTERO
20.0,,2000,,ERIK ZABEL,FRANCISCO MANCEBO,SANTIAGO BOTERO
21.0,,2000,,ERIK ZABEL,FRANCISCO MANCEBO,SANTIAGO BOTERO
0.0,,2001,CHRISTOPHE MOREAU,CHRISTOPHE MOREAU,FLORENT BRARD,
1.0,,2001,CHRISTOPHE MOREAU,ERIK ZABEL,FLORENT BRARD,JACKY DURAND
2.0,,2001,MARC WAUTERS,JAAN KIRSIPUU,ROBERT HUNTER,JACKY DURAND
3.0,,2001,STUART O'GRADY,ERIK ZABEL,FLORENT BRARD,BENOIT SALMON
4.0,,2001,STUART O'GRADY,ERIK ZABEL,FLORENT BRARD,PATRICE HALGAND
5.0,,2001,STUART O'GRADY,ERIK ZABEL,JÖRG JAKSCHE,PATRICE HALGAND
6.0,,2001,STUART O'GRADY,ERIK ZABEL,JÖRG JAKSCHE,PATRICE HALGAND
7.0,,2001,JENS VOIGT,ERIK ZABEL,JÖRG JAKSCHE,PATRICE HALGAND
8.0,,2001,STUART O'GRADY,STUART O'GRADY,JÖRG JAKSCHE,PATRICE HALGAND
9.0,,2001,STUART O'GRADY,STUART O'GRADY,JÖRG JAKSCHE,PATRICE HALGAND
10.0,,2001,FRANÇOIS SIMON,STUART O'GRADY,OSCAR SEVILLA,LAURENT ROUX
11.0,,2001,FRANÇOIS SIMON,STUART O'GRADY,OSCAR SEVILLA,LAURENT ROUX
12.0,,2001,FRANÇOIS SIMON,STUART O'GRADY,OSCAR SEVILLA,LAURENT ROUX
13.0,,2001,,STUART O'GRADY,OSCAR SEVILLA,LAURENT JALABERT
14.0,,2001,,STUART O'GRADY,OSCAR SEVILLA,LAURENT JALABERT
15.0,,2001,,STUART O'GRADY,OSCAR SEVILLA,LAURENT JALABERT
16.0,,2001,,STUART O'GRADY,OSCAR SEVILLA,LAURENT JALABERT
17.0,,2001,,STUART O'GRADY,OSCAR SEVILLA,LAURENT JALABERT
18.0,,2001,,STUART O'GRADY,OSCAR SEVILLA,LAURENT JALABERT
19.0,,2001,,STUART O'GRADY,OSCAR SEVILLA,LAURENT JALABERT
20.0,,2001,,ERIK ZABEL,OSCAR SEVILLA,LAURENT JALABERT
0.0,,2002,,LAURENT JALABERT,DAVID MILLAR,
1.0,,2002,RUBENS BERTOGLIATI,ERIK ZABEL,RUBENS BERTOGLIATI,CHRISTOPHE MENGIN
2.0,,2002,RUBENS BERTOGLIATI,ERIK ZABEL,RUBENS BERTOGLIATI,STÉPHANE BERGES
3.0,,2002,ERIK ZABEL,ERIK ZABEL,RUBENS BERTOGLIATI,CHRISTOPHE MENGIN
4.0,,2002,IGOR GONZALEZ GALDEANO,ERIK ZABEL,ISIDRO NOZAL,CHRISTOPHE MENGIN
5.0,,2002,IGOR GONZALEZ GALDEANO,ERIK ZABEL,ISIDRO NOZAL,CHRISTOPHE MENGIN
6.0,,2002,IGOR GONZALEZ GALDEANO,ERIK ZABEL,ISIDRO NOZAL,CHRISTOPHE MENGIN
7.0,,2002,IGOR GONZALEZ GALDEANO,ERIK ZABEL,ISIDRO NOZAL,CHRISTOPHE MENGIN
8.0,,2002,IGOR GONZALEZ GALDEANO,ERIK ZABEL,ISIDRO NOZAL,CHRISTOPHE MENGIN
9.0,,2002,IGOR GONZALEZ GALDEANO,ERIK ZABEL,DAVID MILLAR,CHRISTOPHE MENGIN
10.0,,2002,IGOR GONZALEZ GALDEANO,ROBBIE MC EWEN,DAVID MILLAR,CHRISTOPHE MENGIN
11.0,,2002,,ERIK ZABEL,IVAN BASSO,PATRICE HALGAND
12.0,,2002,,ERIK ZABEL,IVAN BASSO,LAURENT JALABERT
13.0,,2002,,ROBBIE MC EWEN,IVAN BASSO,LAURENT JALABERT
14.0,,2002,,ROBBIE MC EWEN,IVAN BASSO,LAURENT JALABERT
15.0,,2002,,ROBBIE MC EWEN,IVAN BASSO,LAURENT JALABERT
16.0,,2002,,ROBBIE MC EWEN,IVAN BASSO,LAURENT JALABERT
17.0,,2002,,ROBBIE MC EWEN,IVAN BASSO,LAURENT JALABERT
18.0,,2002,,ROBBIE MC EWEN,IVAN BASSO,LAURENT JALABERT
19.0,,2002,,ROBBIE MC EWEN,IVAN BASSO,LAURENT JALABERT
20.0,,2002,,ROBBIE MC EWEN,IVAN BASSO,LAURENT JALABERT
0.0,,2003,BRADLEY MC GEE,BRADLEY MC GEE,VLADIMIR KARPETS,
1.0,,2003,BRADLEY MC GEE,ROBBIE MC EWEN,ANDY FLICKINGER,CHRISTOPHE MENGIN
2.0,,2003,BRADLEY MC GEE,ROBBIE MC EWEN,BADEN COOKE,CHRISTOPHE MENGIN
3.0,,2003,JEAN-PATRICK NAZON,ROBBIE MC EWEN,BADEN COOKE,CHRISTOPHE MENGIN
4.0,,2003,VICTOR HUGO PENA,ROBBIE MC EWEN,VLADIMIR KARPETS,CHRISTOPHE MENGIN
5.0,,2003,VICTOR HUGO PENA,ROBBIE MC EWEN,VLADIMIR KARPETS,FRÉDÉRIC FINOT
6.0,,2003,VICTOR HUGO PENA,ALESSANDRO PETACCHI,VLADIMIR KARPETS,CHRISTOPHE MENGIN
7.0,,2003,RICHARD VIRENQUE,BADEN COOKE,DENIS MENCHOV,RICHARD VIRENQUE
8.0,,2003,,BADEN COOKE,DENIS MENCHOV,RICHARD VIRENQUE
9.0,,2003,,BADEN COOKE,DENIS MENCHOV,RICHARD VIRENQUE
10.0,,2003,,BADEN COOKE,DENIS MENCHOV,RICHARD VIRENQUE
11.0,,2003,,BADEN COOKE,DENIS MENCHOV,RICHARD VIRENQUE
12.0,,2003,,BADEN COOKE,DENIS MENCHOV,RICHARD VIRENQUE
13.0,,2003,,BADEN COOKE,DENIS MENCHOV,RICHARD VIRENQUE
14.0,,2003,,BADEN COOKE,DENIS MENCHOV,RICHARD VIRENQUE
15.0,,2003,,BADEN COOKE,DENIS MENCHOV,RICHARD VIRENQUE
16.0,,2003,,BADEN COOKE,DENIS MENCHOV,RICHARD VIRENQUE
17.0,,2003,,BADEN COOKE,DENIS MENCHOV,RICHARD VIRENQUE
18.0,,2003,,ROBBIE MC EWEN,DENIS MENCHOV,RICHARD VIRENQUE
19.0,,2003,,ROBBIE MC EWEN,DENIS MENCHOV,RICHARD VIRENQUE
20.0,,2003,,BADEN COOKE,DENIS MENCHOV,RICHARD VIRENQUE
0.0,,2004,FABIAN CANCELLARA,FABIAN CANCELLARA,FABIAN CANCELLARA,
1.0,,2004,FABIAN CANCELLARA,THOR HUSHOVD,FABIAN CANCELLARA,PAOLO BETTINI
2.0,,2004,THOR HUSHOVD,THOR HUSHOVD,FABIAN CANCELLARA,PAOLO BETTINI
3.0,,2004,ROBBIE MC EWEN,ROBBIE MC EWEN,FABIAN CANCELLARA,PAOLO BETTINI
4.0,,2004,,ROBBIE MC EWEN,MATTHIAS KESSLER,PAOLO BETTINI
5.0,,2004,THOMAS VOECKLER,ROBBIE MC EWEN,THOMAS VOECKLER,PAOLO BETTINI
6.0,,2004,THOMAS VOECKLER,STUART O'GRADY,THOMAS VOECKLER,PAOLO BETTINI
7.0,,2004,THOMAS VOECKLER,STUART O'GRADY,THOMAS VOECKLER,PAOLO BETTINI
8.0,,2004,THOMAS VOECKLER,ROBBIE MC EWEN,THOMAS VOECKLER,PAOLO BETTINI
9.0,,2004,THOMAS VOECKLER,ROBBIE MC EWEN,THOMAS VOECKLER,PAOLO BETTINI
10.0,,2004,THOMAS VOECKLER,ROBBIE MC EWEN,THOMAS VOECKLER,RICHARD VIRENQUE
11.0,,2004,THOMAS VOECKLER,ROBBIE MC EWEN,THOMAS VOECKLER,RICHARD VIRENQUE
12.0,,2004,THOMAS VOECKLER,ROBBIE MC EWEN,THOMAS VOECKLER,RICHARD VIRENQUE
13.0,,2004,THOMAS VOECKLER,ROBBIE MC EWEN,THOMAS VOECKLER,RICHARD VIRENQUE
14.0,,2004,THOMAS VOECKLER,ROBBIE MC EWEN,THOMAS VOECKLER,RICHARD VIRENQUE
15.0,,2004,,ROBBIE MC EWEN,THOMAS VOECKLER,RICHARD VIRENQUE
16.0,,2004,,ROBBIE MC EWEN,THOMAS VOECKLER,RICHARD VIRENQUE
17.0,,2004,,ROBBIE MC EWEN,THOMAS VOECKLER,RICHARD VIRENQUE
18.0,,2004,,ROBBIE MC EWEN,THOMAS VOECKLER,RICHARD VIRENQUE
19.0,,2004,,ROBBIE MC EWEN,VLADIMIR KARPETS,RICHARD VIRENQUE
20.0,,2004,,ROBBIE MC EWEN,VLADIMIR KARPETS,RICHARD VIRENQUE
1.0,,2005,,,FABIAN CANCELLARA,
2.0,,2005,,TOM BOONEN,FABIAN CANCELLARA,THOMAS VOECKLER
3.0,,2005,,TOM BOONEN,FABIAN CANCELLARA,ERIK DEKKER
4.0,,2005,,TOM BOONEN,YAROSLAV POPOVYCH,ERIK DEKKER
5.0,,2005,,TOM BOONEN,YAROSLAV POPOVYCH,ERIK DEKKER
6.0,,2005,,TOM BOONEN,YAROSLAV POPOVYCH,KARSTEN KROON
7.0,,2005,,TOM BOONEN,YAROSLAV POPOVYCH,FABIAN WEGMANN
8.0,,2005,,TOM BOONEN,VLADIMIR KARPETS,MICHAEL RASMUSSEN
9.0,,2005,JENS VOIGT,TOM BOONEN,VLADIMIR KARPETS,MICHAEL RASMUSSEN
10.0,,2005,,TOM BOONEN,ALEJANDRO VALVERDE,MICHAEL RASMUSSEN
11.0,,2005,,TOM BOONEN,ALEJANDRO VALVERDE,MICHAEL RASMUSSEN
12.0,,2005,,THOR HUSHOVD,ALEJANDRO VALVERDE,MICHAEL RASMUSSEN
13.0,,2005,,THOR HUSHOVD,YAROSLAV POPOVYCH,MICHAEL RASMUSSEN
14.0,,2005,,THOR HUSHOVD,YAROSLAV POPOVYCH,MICHAEL RASMUSSEN
15.0,,2005,,THOR HUSHOVD,YAROSLAV POPOVYCH,MICHAEL RASMUSSEN
16.0,,2005,,THOR HUSHOVD,YAROSLAV POPOVYCH,MICHAEL RASMUSSEN
17.0,,2005,,THOR HUSHOVD,YAROSLAV POPOVYCH,MICHAEL RASMUSSEN
18.0,,2005,,THOR HUSHOVD,YAROSLAV POPOVYCH,MICHAEL RASMUSSEN
19.0,,2005,,THOR HUSHOVD,YAROSLAV POPOVYCH,MICHAEL RASMUSSEN
20.0,,2005,,THOR HUSHOVD,YAROSLAV POPOVYCH,MICHAEL RASMUSSEN
21.0,,2005,,THOR HUSHOVD,YAROSLAV POPOVYCH,MICHAEL RASMUSSEN
0.0,,2006,THOR HUSHOVD,THOR HUSHOVD,JOOST POSTHUMA,
1.0,,2006,,JIMMY CASPER,BENOÎT VAUGRENARD,FABIAN WEGMANN
2.0,,2006,THOR HUSHOVD,ROBBIE MC EWEN,BENOÎT VAUGRENARD,DAVID DE LA FUENTE
3.0,,2006,TOM BOONEN,TOM BOONEN,BENOÎT VAUGRENARD,JÉRÔME PINEAU
4.0,,2006,TOM BOONEN,ROBBIE MC EWEN,MARKUS FOTHEN,JÉRÔME PINEAU
5.0,,2006,TOM BOONEN,ROBBIE MC EWEN,MARKUS FOTHEN,JÉRÔME PINEAU
6.0,,2006,TOM BOONEN,ROBBIE MC EWEN,BENOÎT VAUGRENARD,JÉRÔME PINEAU
7.0,,2006,SERHIY HONCHAR,ROBBIE MC EWEN,BENOÎT VAUGRENARD,JÉRÔME PINEAU
8.0,,2006,SERHIY HONCHAR,ROBBIE MC EWEN,BENOÎT VAUGRENARD,JÉRÔME PINEAU
9.0,,2006,SERHIY HONCHAR,ROBBIE MC EWEN,BENOÎT VAUGRENARD,JÉRÔME PINEAU
10.0,,2006,CYRIL DESSEL,ROBBIE MC EWEN,BENOÎT VAUGRENARD,CYRIL DESSEL
11.0,,2006,CYRIL DESSEL,ROBBIE MC EWEN,BENOÎT VAUGRENARD,DAVID DE LA FUENTE
12.0,,2006,CYRIL DESSEL,ROBBIE MC EWEN,BENOÎT VAUGRENARD,DAVID DE LA FUENTE
13.0,,2006,OSCAR PEREIRO SIO,ROBBIE MC EWEN,BENOÎT VAUGRENARD,DAVID DE LA FUENTE
14.0,,2006,OSCAR PEREIRO SIO,ROBBIE MC EWEN,BENOÎT VAUGRENARD,DAVID DE LA FUENTE
15.0,,2006,OSCAR PEREIRO SIO,ROBBIE MC EWEN,BENOÎT VAUGRENARD,DAVID DE LA FUENTE
16.0,,2006,OSCAR PEREIRO SIO,ROBBIE MC EWEN,BENOÎT VAUGRENARD,MICHAEL RASMUSSEN
17.0,,2006,OSCAR PEREIRO SIO,ROBBIE MC EWEN,BENOÎT VAUGRENARD,MICHAEL RASMUSSEN
18.0,,2006,OSCAR PEREIRO SIO,ROBBIE MC EWEN,BENOÎT VAUGRENARD,MICHAEL RASMUSSEN
19.0,,2006,OSCAR PEREIRO SIO,ROBBIE MC EWEN,BENOÎT VAUGRENARD,MICHAEL RASMUSSEN
20.0,,2006,OSCAR PEREIRO SIO,ROBBIE MC EWEN,DAMIANO CUNEGO,MICHAEL RASMUSSEN
0.0,,2007,FABIAN CANCELLARA,FABIAN CANCELLARA,VLADIMIR GUSEV,
1.0,,2007,FABIAN CANCELLARA,ROBBIE MC EWEN,VLADIMIR GUSEV,MARTIN ELMIGER
2.0,,2007,FABIAN CANCELLARA,TOM BOONEN,VLADIMIR GUSEV,DAVID MILLAR
3.0,,2007,FABIAN CANCELLARA,TOM BOONEN,VLADIMIR GUSEV,STÉPHANE AUGE
4.0,,2007,FABIAN CANCELLARA,TOM BOONEN,VLADIMIR GUSEV,STÉPHANE AUGE
5.0,,2007,FABIAN CANCELLARA,ERIK ZABEL,VLADIMIR GUSEV,SYLVAIN CHAVANEL
6.0,,2007,FABIAN CANCELLARA,TOM BOONEN,VLADIMIR GUSEV,SYLVAIN CHAVANEL
7.0,,2007,LINUS GERDEMANN,TOM BOONEN,LINUS GERDEMANN,SYLVAIN CHAVANEL
8.0,,2007,MICHAEL RASMUSSEN,TOM BOONEN,LINUS GERDEMANN,MICHAEL RASMUSSEN
9.0,,2007,MICHAEL RASMUSSEN,TOM BOONEN,ALBERTO CONTADOR,MICHAEL RASMUSSEN
10.0,,2007,MICHAEL RASMUSSEN,TOM BOONEN,ALBERTO CONTADOR,MICHAEL RASMUSSEN
11.0,,2007,MICHAEL RASMUSSEN,TOM BOONEN,ALBERTO CONTADOR,MICHAEL RASMUSSEN
12.0,,2007,MICHAEL RASMUSSEN,TOM BOONEN,ALBERTO CONTADOR,MICHAEL RASMUSSEN
13.0,,2007,MICHAEL RASMUSSEN,TOM BOONEN,ALBERTO CONTADOR,MICHAEL RASMUSSEN
14.0,,2007,MICHAEL RASMUSSEN,TOM BOONEN,ALBERTO CONTADOR,MICHAEL RASMUSSEN
15.0,,2007,MICHAEL RASMUSSEN,TOM BOONEN,ALBERTO CONTADOR,MICHAEL RASMUSSEN
16.0,,2007,,TOM BOONEN,ALBERTO CONTADOR,JUAN MAURICIO SOLER HERNANDEZ
17.0,,2007,ALBERTO CONTADOR,TOM BOONEN,ALBERTO CONTADOR,JUAN MAURICIO SOLER HERNANDEZ
18.0,,2007,ALBERTO CONTADOR,TOM BOONEN,ALBERTO CONTADOR,JUAN MAURICIO SOLER HERNANDEZ
19.0,,2007,ALBERTO CONTADOR,TOM BOONEN,ALBERTO CONTADOR,JUAN MAURICIO SOLER HERNANDEZ
20.0,,2007,ALBERTO CONTADOR,TOM BOONEN,ALBERTO CONTADOR,JUAN MAURICIO SOLER HERNANDEZ
1.0,,2008,ALEJANDRO VALVERDE,PHILIPPE GILBERT,RICCARDO RICCO,THOMAS VOECKLER
2.0,,2008,ALEJANDRO VALVERDE,KIM KIRCHEN,RICCARDO RICCO,THOMAS VOECKLER
3.0,,2008,ROMAIN FEILLU,KIM KIRCHEN,ANDY SCHLECK,THOMAS VOECKLER
4.0,,2008,STEFAN SCHUMACHER,KIM KIRCHEN,THOMAS LÖVKVIST,THOMAS VOECKLER
5.0,,2008,STEFAN SCHUMACHER,THOR HUSHOVD,THOMAS LÖVKVIST,THOMAS VOECKLER
6.0,,2008,KIM KIRCHEN,THOR HUSHOVD,THOMAS LÖVKVIST,SYLVAIN CHAVANEL
7.0,,2008,KIM KIRCHEN,OSCAR FREIRE,THOMAS LÖVKVIST,DAVID DE LA FUENTE
8.0,,2008,KIM KIRCHEN,OSCAR FREIRE,THOMAS LÖVKVIST,DAVID DE LA FUENTE
9.0,,2008,KIM KIRCHEN,OSCAR FREIRE,ANDY SCHLECK,DAVID DE LA FUENTE
10.0,,2008,CADEL EVANS,OSCAR FREIRE,VINCENZO NIBALI,RICCARDO RICCO
11.0,,2008,CADEL EVANS,OSCAR FREIRE,VINCENZO NIBALI,
12.0,,2008,CADEL EVANS,OSCAR FREIRE,VINCENZO NIBALI,SEBASTIAN LANG
13.0,,2008,CADEL EVANS,OSCAR FREIRE,VINCENZO NIBALI,SEBASTIAN LANG
14.0,,2008,CADEL EVANS,OSCAR FREIRE,VINCENZO NIBALI,SEBASTIAN LANG
15.0,,2008,FRANK SCHLECK,OSCAR FREIRE,VINCENZO NIBALI,BERNHARD KOHL
16.0,,2008,FRANK SCHLECK,OSCAR FREIRE,ANDY SCHLECK,BERNHARD KOHL
17.0,,2008,CARLOS SASTRE,OSCAR FREIRE,ANDY SCHLECK,BERNHARD KOHL
18.0,,2008,CARLOS SASTRE,OSCAR FREIRE,ANDY SCHLECK,BERNHARD KOHL
19.0,,2008,CARLOS SASTRE,OSCAR FREIRE,ANDY SCHLECK,BERNHARD KOHL
20.0,,2008,CARLOS SASTRE,OSCAR FREIRE,ANDY SCHLECK,BERNHARD KOHL
21.0,,2008,CARLOS SASTRE,OSCAR FREIRE,ANDY SCHLECK,BERNHARD KOHL
1.0,,2009,FABIAN CANCELLARA,BRADLEY WIGGINS,ROMAN KREUZIGER,ALBERTO CONTADOR
2.0,,2009,FABIAN CANCELLARA,MARK CAVENDISH,ROMAN KREUZIGER,JUSSI VEIKKANEN
3.0,,2009,FABIAN CANCELLARA,MARK CAVENDISH,TONY MARTIN,JUSSI VEIKKANEN
4.0,,2009,FABIAN CANCELLARA,MARK CAVENDISH,TONY MARTIN,JUSSI VEIKKANEN
5.0,,2009,FABIAN CANCELLARA,MARK CAVENDISH,TONY MARTIN,JUSSI VEIKKANEN
6.0,,2009,FABIAN CANCELLARA,MARK CAVENDISH,TONY MARTIN,STÉPHANE AUGE
7.0,,2009,RINALDO NOCENTINI,MARK CAVENDISH,TONY MARTIN,BRICE FEILLU
8.0,,2009,RINALDO NOCENTINI,THOR HUSHOVD,TONY MARTIN,CHRISTOPHE KERN
9.0,,2009,RINALDO NOCENTINI,THOR HUSHOVD,TONY MARTIN,EGOI MARTINEZ
10.0,,2009,RINALDO NOCENTINI,THOR HUSHOVD,TONY MARTIN,EGOI MARTINEZ
11.0,,2009,RINALDO NOCENTINI,MARK CAVENDISH,TONY MARTIN,EGOI MARTINEZ
12.0,,2009,RINALDO NOCENTINI,MARK CAVENDISH,TONY MARTIN,EGOI MARTINEZ
13.0,,2009,RINALDO NOCENTINI,THOR HUSHOVD,TONY MARTIN,FRANCO PELLIZOTTI
14.0,,2009,RINALDO NOCENTINI,THOR HUSHOVD,TONY MARTIN,FRANCO PELLIZOTTI
15.0,,2009,ALBERTO CONTADOR,THOR HUSHOVD,ANDY SCHLECK,FRANCO PELLIZOTTI
16.0,,2009,ALBERTO CONTADOR,THOR HUSHOVD,ANDY SCHLECK,FRANCO PELLIZOTTI
17.0,,2009,ALBERTO CONTADOR,THOR HUSHOVD,ANDY SCHLECK,FRANCO PELLIZOTTI
18.0,,2009,ALBERTO CONTADOR,THOR HUSHOVD,ANDY SCHLECK,FRANCO PELLIZOTTI
19.0,,2009,ALBERTO CONTADOR,THOR HUSHOVD,ANDY SCHLECK,FRANCO PELLIZOTTI
20.0,,2009,ALBERTO CONTADOR,THOR HUSHOVD,ANDY SCHLECK,FRANCO PELLIZOTTI
21.0,,2009,ALBERTO CONTADOR,THOR HUSHOVD,ANDY SCHLECK,FRANCO PELLIZOTTI
0.0,,2010,FABIAN CANCELLARA,DAVID MILLAR,TONY MARTIN,
1.0,,2010,FABIAN CANCELLARA,ALESSANDRO PETACCHI,TONY MARTIN,
2.0,,2010,SYLVAIN CHAVANEL,ALESSANDRO PETACCHI,TONY MARTIN,JÉRÔME PINEAU
3.0,,2010,FABIAN CANCELLARA,THOR HUSHOVD,GERAINT THOMAS,JÉRÔME PINEAU
4.0,,2010,FABIAN CANCELLARA,THOR HUSHOVD,GERAINT THOMAS,JÉRÔME PINEAU
5.0,,2010,FABIAN CANCELLARA,THOR HUSHOVD,GERAINT THOMAS,JÉRÔME PINEAU
6.0,,2010,FABIAN CANCELLARA,THOR HUSHOVD,GERAINT THOMAS,JÉRÔME PINEAU
7.0,,2010,SYLVAIN CHAVANEL,THOR HUSHOVD,ANDY SCHLECK,JÉRÔME PINEAU
8.0,,2010,CADEL EVANS,THOR HUSHOVD,ANDY SCHLECK,JÉRÔME PINEAU
9.0,,2010,ANDY SCHLECK,THOR HUSHOVD,ROBERT GESINK,ANTHONY CHARTEAU
10.0,,2010,ANDY SCHLECK,THOR HUSHOVD,ROBERT GESINK,JÉRÔME PINEAU
11.0,,2010,ANDY SCHLECK,ALESSANDRO PETACCHI,ROBERT GESINK,JÉRÔME PINEAU
12.0,,2010,ANDY SCHLECK,THOR HUSHOVD,ROBERT GESINK,ANTHONY CHARTEAU
13.0,,2010,ANDY SCHLECK,ALESSANDRO PETACCHI,ROBERT GESINK,ANTHONY CHARTEAU
14.0,,2010,ANDY SCHLECK,ALESSANDRO PETACCHI,ROBERT GESINK,ANTHONY CHARTEAU
15.0,,2010,ANDY SCHLECK,ALESSANDRO PETACCHI,ANDY SCHLECK,ANTHONY CHARTEAU
16.0,,2010,ANDY SCHLECK,THOR HUSHOVD,ANDY SCHLECK,ANTHONY CHARTEAU
17.0,,2010,ANDY SCHLECK,THOR HUSHOVD,ANDY SCHLECK,ANTHONY CHARTEAU
18.0,,2010,ANDY SCHLECK,ALESSANDRO PETACCHI,ANDY SCHLECK,ANTHONY CHARTEAU
19.0,,2010,ANDY SCHLECK,ALESSANDRO PETACCHI,ANDY SCHLECK,ANTHONY CHARTEAU
20.0,,2010,ANDY SCHLECK,ALESSANDRO PETACCHI,ANDY SCHLECK,ANTHONY CHARTEAU
1.0,,2011,PHILIPPE GILBERT,CADEL EVANS,GERAINT THOMAS,THOR HUSHOVD
2.0,,2011,THOR HUSHOVD,PHILIPPE GILBERT,GERAINT THOMAS,CADEL EVANS
3.0,,2011,THOR HUSHOVD,JOSÉ ROJAS,GERAINT THOMAS,PHILIPPE GILBERT
4.0,,2011,THOR HUSHOVD,JOSÉ ROJAS,GERAINT THOMAS,CADEL EVANS
5.0,,2011,THOR HUSHOVD,PHILIPPE GILBERT,GERAINT THOMAS,CADEL EVANS
6.0,,2011,THOR HUSHOVD,PHILIPPE GILBERT,GERAINT THOMAS,JOHNNY HOOGERLAND
7.0,,2011,THOR HUSHOVD,JOSÉ ROJAS,ROBERT GESINK,JOHNNY HOOGERLAND
8.0,,2011,THOR HUSHOVD,PHILIPPE GILBERT,ROBERT GESINK,TEJAY VAN GARDEREN
9.0,,2011,THOMAS VOECKLER,PHILIPPE GILBERT,ROBERT GESINK,JOHNNY HOOGERLAND
10.0,,2011,THOMAS VOECKLER,PHILIPPE GILBERT,ROBERT GESINK,JOHNNY HOOGERLAND
11.0,,2011,THOMAS VOECKLER,MARK CAVENDISH,ROBERT GESINK,JOHNNY HOOGERLAND
12.0,,2011,THOMAS VOECKLER,MARK CAVENDISH,ARNOLD JEANNESSON,SAMUEL SANCHEZ
13.0,,2011,THOMAS VOECKLER,MARK CAVENDISH,ARNOLD JEANNESSON,JÉRÉMY ROY
14.0,,2011,THOMAS VOECKLER,MARK CAVENDISH,RIGOBERTO URAN,JELLE VANENDERT
15.0,,2011,THOMAS VOECKLER,MARK CAVENDISH,RIGOBERTO URAN,JELLE VANENDERT
16.0,,2011,THOMAS VOECKLER,MARK CAVENDISH,RIGOBERTO URAN,JELLE VANENDERT
17.0,,2011,THOMAS VOECKLER,MARK CAVENDISH,RIGOBERTO URAN,JELLE VANENDERT
18.0,,2011,THOMAS VOECKLER,MARK CAVENDISH,REIN TAARAMÄE,JELLE VANENDERT
19.0,,2011,ANDY SCHLECK,MARK CAVENDISH,PIERRE ROLLAND,SAMUEL SANCHEZ
20.0,,2011,CADEL EVANS,MARK CAVENDISH,PIERRE ROLLAND,SAMUEL SANCHEZ
21.0,,2011,CADEL EVANS,MARK CAVENDISH,PIERRE ROLLAND,SAMUEL SANCHEZ
0.0,,2012,FABIAN CANCELLARA,BRADLEY WIGGINS,TEJAY VAN GARDEREN,
1.0,,2012,FABIAN CANCELLARA,PETER SAGAN,TEJAY VAN GARDEREN,MICHAEL MØRKØV
2.0,,2012,FABIAN CANCELLARA,PETER SAGAN,TEJAY VAN GARDEREN,MICHAEL MØRKØV
3.0,,2012,FABIAN CANCELLARA,PETER SAGAN,TEJAY VAN GARDEREN,MICHAEL MØRKØV
4.0,,2012,FABIAN CANCELLARA,PETER SAGAN,TEJAY VAN GARDEREN,MICHAEL MØRKØV
5.0,,2012,FABIAN CANCELLARA,PETER SAGAN,TEJAY VAN GARDEREN,MICHAEL MØRKØV
6.0,,2012,FABIAN CANCELLARA,PETER SAGAN,TEJAY VAN GARDEREN,MICHAEL MØRKØV
7.0,,2012,BRADLEY WIGGINS,PETER SAGAN,REIN TAARAMÄE,CHRIS FROOME
8.0,,2012,BRADLEY WIGGINS,PETER SAGAN,REIN TAARAMÄE,FREDRIK KESSIAKOFF
9.0,,2012,BRADLEY WIGGINS,PETER SAGAN,TEJAY VAN GARDEREN,FREDRIK KESSIAKOFF
10.0,,2012,BRADLEY WIGGINS,PETER SAGAN,TEJAY VAN GARDEREN,THOMAS VOECKLER
11.0,,2012,BRADLEY WIGGINS,PETER SAGAN,TEJAY VAN GARDEREN,FREDRIK KESSIAKOFF
12.0,,2012,BRADLEY WIGGINS,PETER SAGAN,TEJAY VAN GARDEREN,FREDRIK KESSIAKOFF
13.0,,2012,BRADLEY WIGGINS,PETER SAGAN,TEJAY VAN GARDEREN,FREDRIK KESSIAKOFF
14.0,,2012,BRADLEY WIGGINS,PETER SAGAN,TEJAY VAN GARDEREN,FREDRIK KESSIAKOFF
15.0,,2012,BRADLEY WIGGINS,PETER SAGAN,TEJAY VAN GARDEREN,FREDRIK KESSIAKOFF
16.0,,2012,BRADLEY WIGGINS,PETER SAGAN,TEJAY VAN GARDEREN,THOMAS VOECKLER
17.0,,2012,BRADLEY WIGGINS,PETER SAGAN,TEJAY VAN GARDEREN,THOMAS VOECKLER
18.0,,2012,BRADLEY WIGGINS,PETER SAGAN,TEJAY VAN GARDEREN,THOMAS VOECKLER
19.0,,2012,BRADLEY WIGGINS,PETER SAGAN,TEJAY VAN GARDEREN,THOMAS VOECKLER
20.0,,2012,BRADLEY WIGGINS,PETER SAGAN,TEJAY VAN GARDEREN,THOMAS VOECKLER
1.0,,2013,MARCEL KITTEL,ALEXANDER KRISTOFF,DANNY VAN POPPEL,JUAN JOSÉ LOBATO DEL VALLE
2.0,,2013,JAN BAKELANTS,MARCEL KITTEL,MICHAL KWIATKOWSKI,PIERRE ROLLAND
3.0,,2013,JAN BAKELANTS,PETER SAGAN,MICHAL KWIATKOWSKI,PIERRE ROLLAND
4.0,,2013,SIMON GERRANS,PETER SAGAN,MICHAL KWIATKOWSKI,PIERRE ROLLAND
5.0,,2013,SIMON GERRANS,PETER SAGAN,MICHAL KWIATKOWSKI,PIERRE ROLLAND
6.0,,2013,DARYL IMPEY,PETER SAGAN,MICHAL KWIATKOWSKI,PIERRE ROLLAND
7.0,,2013,DARYL IMPEY,PETER SAGAN,MICHAL KWIATKOWSKI,BLEL KADRI
8.0,,2013,CHRIS FROOME,PETER SAGAN,NAIRO QUINTANA,PIERRE ROLLAND
9.0,,2013,CHRIS FROOME,PETER SAGAN,NAIRO QUINTANA,PIERRE ROLLAND
10.0,,2013,CHRIS FROOME,PETER SAGAN,NAIRO QUINTANA,PIERRE ROLLAND
11.0,,2013,CHRIS FROOME,PETER SAGAN,MICHAL KWIATKOWSKI,PIERRE ROLLAND
12.0,,2013,CHRIS FROOME,PETER SAGAN,MICHAL KWIATKOWSKI,PIERRE ROLLAND
13.0,,2013,CHRIS FROOME,PETER SAGAN,MICHAL KWIATKOWSKI,PIERRE ROLLAND
14.0,,2013,CHRIS FROOME,PETER SAGAN,MICHAL KWIATKOWSKI,PIERRE ROLLAND
15.0,,2013,CHRIS FROOME,PETER SAGAN,NAIRO QUINTANA,MIKEL NIEVE ITURRALDE
16.0,,2013,CHRIS FROOME,PETER SAGAN,NAIRO QUINTANA,MIKEL NIEVE ITURRALDE
17.0,,2013,CHRIS FROOME,PETER SAGAN,NAIRO QUINTANA,MIKEL NIEVE ITURRALDE
18.0,,2013,CHRIS FROOME,PETER SAGAN,NAIRO QUINTANA,CHRISTOPHE RIBLON
19.0,,2013,CHRIS FROOME,PETER SAGAN,NAIRO QUINTANA,PIERRE ROLLAND
20.0,,2013,CHRIS FROOME,PETER SAGAN,ANDREW TALANSKY,NAIRO QUINTANA
21.0,,2013,CHRIS FROOME,PETER SAGAN,NAIRO QUINTANA,NAIRO QUINTANA
1.0,,2014,MARCEL KITTEL,BRYAN COQUARD,PETER SAGAN,JENS VOIGT
2.0,,2014,VINCENZO NIBALI,PETER SAGAN,ROMAIN BARDET,CYRIL LEMOINE
3.0,,2014,VINCENZO NIBALI,PETER SAGAN,ROMAIN BARDET,CYRIL LEMOINE
4.0,,2014,VINCENZO NIBALI,PETER SAGAN,ROMAIN BARDET,CYRIL LEMOINE
5.0,,2014,VINCENZO NIBALI,PETER SAGAN,MICHAL KWIATKOWSKI,CYRIL LEMOINE
6.0,,2014,VINCENZO NIBALI,PETER SAGAN,MICHAL KWIATKOWSKI,CYRIL LEMOINE
7.0,,2014,VINCENZO NIBALI,PETER SAGAN,MICHAL KWIATKOWSKI,CYRIL LEMOINE
8.0,,2014,VINCENZO NIBALI,PETER SAGAN,MICHAL KWIATKOWSKI,BLEL KADRI
9.0,,2014,TONY GALLOPIN,PETER SAGAN,MICHAL KWIATKOWSKI,TONY MARTIN
10.0,,2014,VINCENZO NIBALI,PETER SAGAN,ROMAIN BARDET,JOAQUIM RODRIGUEZ
11.0,,2014,VINCENZO NIBALI,PETER SAGAN,ROMAIN BARDET,JOAQUIM RODRIGUEZ
12.0,,2014,VINCENZO NIBALI,PETER SAGAN,ROMAIN BARDET,JOAQUIM RODRIGUEZ
13.0,,2014,VINCENZO NIBALI,PETER SAGAN,ROMAIN BARDET,JOAQUIM RODRIGUEZ
14.0,,2014,VINCENZO NIBALI,PETER SAGAN,ROMAIN BARDET,JOAQUIM RODRIGUEZ
15.0,,2014,VINCENZO NIBALI,PETER SAGAN,ROMAIN BARDET,JOAQUIM RODRIGUEZ
16.0,,2014,VINCENZO NIBALI,PETER SAGAN,THIBAUT PINOT,RAFAL MAJKA
17.0,,2014,VINCENZO NIBALI,PETER SAGAN,THIBAUT PINOT,RAFAL MAJKA
18.0,,2014,VINCENZO NIBALI,PETER SAGAN,THIBAUT PINOT,RAFAL MAJKA
19.0,,2014,VINCENZO NIBALI,PETER SAGAN,THIBAUT PINOT,RAFAL MAJKA
20.0,,2014,VINCENZO NIBALI,PETER SAGAN,THIBAUT PINOT,RAFAL MAJKA
21.0,,2014,VINCENZO NIBALI,PETER SAGAN,THIBAUT PINOT,RAFAL MAJKA
1.0,,2015,ROHAN DENNIS,TONY MARTIN,TOM DUMOULIN,
2.0,,2015,FABIAN CANCELLARA,ANDRÉ GREIPEL,TOM DUMOULIN,
3.0,,2015,CHRIS FROOME,ANDRÉ GREIPEL,PETER SAGAN,JOAQUIN RODRIGUEZ OLIVER
4.0,,2015,TONY MARTIN,ANDRÉ GREIPEL,PETER SAGAN,JOAQUIN RODRIGUEZ OLIVER
5.0,,2015,TONY MARTIN,ANDRÉ GREIPEL,PETER SAGAN,JOAQUIN RODRIGUEZ OLIVER
6.0,,2015,TONY MARTIN,ANDRÉ GREIPEL,PETER SAGAN,DANIEL TEKLEHAIMANOT
7.0,,2015,CHRIS FROOME,ANDRÉ GREIPEL,PETER SAGAN,DANIEL TEKLEHAIMANOT
8.0,,2015,CHRIS FROOME,PETER SAGAN,WARREN BARGUIL,DANIEL TEKLEHAIMANOT
9.0,,2015,CHRIS FROOME,PETER SAGAN,NAIRO QUINTANA,DANIEL TEKLEHAIMANOT
10.0,,2015,CHRIS FROOME,ANDRÉ GREIPEL,NAIRO QUINTANA,RICHIE PORTE
11.0,,2015,CHRIS FROOME,PETER SAGAN,NAIRO QUINTANA,RICHIE PORTE
12.0,,2015,CHRIS FROOME,PETER SAGAN,NAIRO QUINTANA,JOAQUIN RODRIGUEZ OLIVER
13.0,,2015,CHRIS FROOME,PETER SAGAN,NAIRO QUINTANA,JOAQUIN RODRIGUEZ OLIVER
14.0,,2015,CHRIS FROOME,PETER SAGAN,NAIRO QUINTANA,JOAQUIN RODRIGUEZ OLIVER
15.0,,2015,CHRIS FROOME,PETER SAGAN,NAIRO QUINTANA,JOAQUIN RODRIGUEZ OLIVER
16.0,,2015,CHRIS FROOME,PETER SAGAN,NAIRO QUINTANA,JOAQUIN RODRIGUEZ OLIVER
17.0,,2015,CHRIS FROOME,PETER SAGAN,NAIRO QUINTANA,JOAQUIN RODRIGUEZ OLIVER
18.0,,2015,CHRIS FROOME,PETER SAGAN,NAIRO QUINTANA,JOAQUIN RODRIGUEZ OLIVER
19.0,,2015,CHRIS FROOME,PETER SAGAN,NAIRO QUINTANA,ROMAIN BARDET
20.0,,2015,CHRIS FROOME,PETER SAGAN,NAIRO QUINTANA,ROMAIN BARDET
21.0,,2015,CHRIS FROOME,PETER SAGAN,NAIRO QUINTANA,CHRIS FROOME
1.0,,2016,MARK CAVENDISH,MARCEL KITTEL,EDWARD THEUNS,PAUL VOSS
2.0,,2016,PETER SAGAN,MARK CAVENDISH,JULIAN ALAPHILIPPE,JASPER STUYVEN
3.0,,2016,PETER SAGAN,MARK CAVENDISH,JULIAN ALAPHILIPPE,JASPER STUYVEN
4.0,,2016,PETER SAGAN,MARK CAVENDISH,JULIAN ALAPHILIPPE,JASPER STUYVEN
5.0,,2016,GREG VAN AVERMAET,PETER SAGAN,JULIAN ALAPHILIPPE,THOMAS DE GENDT
6.0,,2016,GREG VAN AVERMAET,MARK CAVENDISH,JULIAN ALAPHILIPPE,THOMAS DE GENDT
7.0,,2016,GREG VAN AVERMAET,MARK CAVENDISH,ADAM YATES,THOMAS DE GENDT
8.0,,2016,CHRIS FROOME,MARK CAVENDISH,ADAM YATES,RAFAL MAJKA
9.0,,2016,CHRIS FROOME,MARK CAVENDISH,ADAM YATES,THIBAUT PINOT
10.0,,2016,CHRIS FROOME,PETER SAGAN,ADAM YATES,THIBAUT PINOT
11.0,,2016,CHRIS FROOME,PETER SAGAN,ADAM YATES,THIBAUT PINOT
12.0,,2016,CHRIS FROOME,PETER SAGAN,ADAM YATES,THOMAS DE GENDT
13.0,,2016,CHRIS FROOME,PETER SAGAN,ADAM YATES,THOMAS DE GENDT
14.0,,2016,CHRIS FROOME,PETER SAGAN,ADAM YATES,THOMAS DE GENDT
15.0,,2016,CHRIS FROOME,PETER SAGAN,ADAM YATES,RAFAL MAJKA
16.0,,2016,CHRIS FROOME,PETER SAGAN,ADAM YATES,RAFAL MAJKA
17.0,,2016,CHRIS FROOME,PETER SAGAN,ADAM YATES,RAFAL MAJKA
18.0,,2016,CHRIS FROOME,PETER SAGAN,ADAM YATES,RAFAL MAJKA
19.0,,2016,CHRIS FROOME,PETER SAGAN,ADAM YATES,RAFAL MAJKA
20.0,,2016,CHRIS FROOME,PETER SAGAN,ADAM YATES,RAFAL MAJKA
21.0,,2016,CHRIS FROOME,PETER SAGAN,ADAM YATES,RAFAL MAJKA
1.0,,2017,GERAINT THOMAS,VASILI KIRYIENKA,STEFAN KÜNG,
2.0,,2017,GERAINT THOMAS,MARCEL KITTEL,STEFAN KÜNG,TAYLOR PHINNEY
3.0,,2017,GERAINT THOMAS,MARCEL KITTEL,PIERRE LATOUR,NATHAN BROWN
4.0,,2017,GERAINT THOMAS,ARNAUD DEMARE,PIERRE LATOUR,NATHAN BROWN
5.0,,2017,CHRIS FROOME,ARNAUD DEMARE,SIMON YATES,FABIO ARU
6.0,,2017,CHRIS FROOME,ARNAUD DEMARE,SIMON YATES,FABIO ARU
7.0,,2017,CHRIS FROOME,MARCEL KITTEL,SIMON YATES,FABIO ARU
8.0,,2017,CHRIS FROOME,MARCEL KITTEL,SIMON YATES,LILIAN CALMEJANE
9.0,,2017,CHRIS FROOME,MARCEL KITTEL,SIMON YATES,WARREN BARGUIL
10.0,,2017,CHRIS FROOME,MARCEL KITTEL,SIMON YATES,WARREN BARGUIL
11.0,,2017,CHRIS FROOME,MARCEL KITTEL,SIMON YATES,WARREN BARGUIL
12.0,,2017,FABIO ARU,MARCEL KITTEL,SIMON YATES,WARREN BARGUIL
13.0,,2017,FABIO ARU,MARCEL KITTEL,SIMON YATES,WARREN BARGUIL
14.0,,2017,CHRIS FROOME,MARCEL KITTEL,SIMON YATES,WARREN BARGUIL
15.0,,2017,CHRIS FROOME,MARCEL KITTEL,SIMON YATES,WARREN BARGUIL
16.0,,2017,CHRIS FROOME,MARCEL KITTEL,SIMON YATES,WARREN BARGUIL
17.0,,2017,CHRIS FROOME,MICHAEL MATTHEWS,SIMON YATES,WARREN BARGUIL
18.0,,2017,CHRIS FROOME,MICHAEL MATTHEWS,SIMON YATES,WARREN BARGUIL
19.0,,2017,CHRIS FROOME,MICHAEL MATTHEWS,SIMON YATES,WARREN BARGUIL
20.0,,2017,CHRIS FROOME,MICHAEL MATTHEWS,SIMON YATES,WARREN BARGUIL
21.0,,2017,CHRIS FROOME,MICHAEL MATTHEWS,SIMON YATES,WARREN BARGUIL
1.0,,2018,FERNANDO GAVIRIA RENDON,MARCEL KITTEL,DYLAN GROENEWEGEN,KÉVIN LEDANOIS
2.0,,2018,PETER SAGAN,ALEXANDER KRISTOFF,FERNANDO GAVIRIA RENDON,DION SMITH
3.0,,2018,GREG VAN AVERMAET,PETER SAGAN,SØREN KRAGH ANDERSEN,DION SMITH
4.0,,2018,GREG VAN AVERMAET,PETER SAGAN,SØREN KRAGH ANDERSEN,DION SMITH
5.0,,2018,GREG VAN AVERMAET,PETER SAGAN,SØREN KRAGH ANDERSEN,TOMS SKUJINS
6.0,,2018,GREG VAN AVERMAET,PETER SAGAN,SØREN KRAGH ANDERSEN,TOMS SKUJINS
7.0,,2018,GREG VAN AVERMAET,PETER SAGAN,SØREN KRAGH ANDERSEN,TOMS SKUJINS
8.0,,2018,GREG VAN AVERMAET,PETER SAGAN,SØREN KRAGH ANDERSEN,TOMS SKUJINS
9.0,,2018,GREG VAN AVERMAET,PETER SAGAN,SØREN KRAGH ANDERSEN,TOMS SKUJINS
10.0,,2018,GREG VAN AVERMAET,PETER SAGAN,PIERRE LATOUR,JULIAN ALAPHILIPPE
11.0,,2018,GERAINT THOMAS,PETER SAGAN,PIERRE LATOUR,JULIAN ALAPHILIPPE
12.0,,2018,GERAINT THOMAS,PETER SAGAN,PIERRE LATOUR,JULIAN ALAPHILIPPE
13.0,,2018,GERAINT THOMAS,PETER SAGAN,PIERRE LATOUR,JULIAN ALAPHILIPPE
14.0,,2018,GERAINT THOMAS,PETER SAGAN,PIERRE LATOUR,JULIAN ALAPHILIPPE
15.0,,2018,GERAINT THOMAS,PETER SAGAN,PIERRE LATOUR,JULIAN ALAPHILIPPE
16.0,,2018,GERAINT THOMAS,PETER SAGAN,PIERRE LATOUR,JULIAN ALAPHILIPPE
17.0,,2018,GERAINT THOMAS,PETER SAGAN,PIERRE LATOUR,JULIAN ALAPHILIPPE
18.0,,2018,GERAINT THOMAS,PETER SAGAN,PIERRE LATOUR,JULIAN ALAPHILIPPE
19.0,,2018,GERAINT THOMAS,PETER SAGAN,PIERRE LATOUR,JULIAN ALAPHILIPPE
20.0,,2018,GERAINT THOMAS,PETER SAGAN,PIERRE LATOUR,JULIAN ALAPHILIPPE
21.0,,2018,GERAINT THOMAS,PETER SAGAN,PIERRE LATOUR,JULIAN ALAPHILIPPE
1.0,,2019,MIKE TEUNISSEN,PETER SAGAN,CALEB EWAN,GREG VAN AVERMAET
2.0,,2019,MIKE TEUNISSEN,PETER SAGAN,WOUT VAN AERT,GREG VAN AVERMAET
3.0,,2019,JULIAN ALAPHILIPPE,PETER SAGAN,WOUT VAN AERT,TIM WELLENS
4.0,,2019,JULIAN ALAPHILIPPE,PETER SAGAN,WOUT VAN AERT,TIM WELLENS
5.0,,2019,JULIAN ALAPHILIPPE,PETER SAGAN,WOUT VAN AERT,TIM WELLENS
6.0,,2019,GIULIO CICCONE,PETER SAGAN,EGAN BERNAL GOMEZ,TIM WELLENS
7.0,,2019,GIULIO CICCONE,PETER SAGAN,EGAN BERNAL GOMEZ,TIM WELLENS
8.0,,2019,JULIAN ALAPHILIPPE,PETER SAGAN,GIULIO CICCONE,TIM WELLENS
9.0,,2019,JULIAN ALAPHILIPPE,PETER SAGAN,GIULIO CICCONE,TIM WELLENS
10.0,,2019,JULIAN ALAPHILIPPE,PETER SAGAN,EGAN BERNAL GOMEZ,TIM WELLENS
11.0,,2019,JULIAN ALAPHILIPPE,PETER SAGAN,EGAN BERNAL GOMEZ,TIM WELLENS
12.0,,2019,JULIAN ALAPHILIPPE,PETER SAGAN,EGAN BERNAL GOMEZ,TIM WELLENS
13.0,,2019,JULIAN ALAPHILIPPE,PETER SAGAN,ENRIC MAS NICOLAU,TIM WELLENS
14.0,,2019,JULIAN ALAPHILIPPE,PETER SAGAN,EGAN BERNAL GOMEZ,TIM WELLENS
15.0,,2019,JULIAN ALAPHILIPPE,PETER SAGAN,EGAN BERNAL GOMEZ,TIM WELLENS
16.0,,2019,JULIAN ALAPHILIPPE,PETER SAGAN,EGAN BERNAL GOMEZ,TIM WELLENS
17.0,,2019,JULIAN ALAPHILIPPE,PETER SAGAN,EGAN BERNAL GOMEZ,TIM WELLENS
18.0,,2019,JULIAN ALAPHILIPPE,PETER SAGAN,EGAN BERNAL GOMEZ,ROMAIN BARDET
19.0,,2019,EGAN BERNAL GOMEZ,PETER SAGAN,DAVID GAUDU,ROMAIN BARDET
20.0,,2019,EGAN BERNAL GOMEZ,PETER SAGAN,DAVID GAUDU,ROMAIN BARDET
21.0,,2019,EGAN BERNAL GOMEZ,PETER SAGAN,EGAN BERNAL GOMEZ,ROMAIN BARDET
1.0,,2020,ALEXANDER KRISTOFF,PETER SAGAN,MADS PEDERSEN,FABIEN GRELLIER
2.0,,2020,JULIAN ALAPHILIPPE,ALEXANDER KRISTOFF,MARC HIRSCHI,BENOIT COSNEFROY
3.0,,2020,JULIAN ALAPHILIPPE,PETER SAGAN,MARC HIRSCHI,BENOIT COSNEFROY
4.0,,2020,JULIAN ALAPHILIPPE,PETER SAGAN,TADEJ POGAČAR,BENOIT COSNEFROY
5.0,,2020,ADAM YATES,SAM BENNETT,TADEJ POGAČAR,BENOIT COSNEFROY
6.0,,2020,ADAM YATES,SAM BENNETT,TADEJ POGAČAR,BENOIT COSNEFROY
7.0,,2020,ADAM YATES,PETER SAGAN,EGAN BERNAL GOMEZ,BENOIT COSNEFROY
8.0,,2020,ADAM YATES,PETER SAGAN,EGAN BERNAL GOMEZ,BENOIT COSNEFROY
9.0,,2020,PRIMOŽ ROGLIČ,PETER SAGAN,EGAN BERNAL GOMEZ,BENOIT COSNEFROY
10.0,,2020,PRIMOŽ ROGLIČ,SAM BENNETT,EGAN BERNAL GOMEZ,BENOIT COSNEFROY
11.0,,2020,PRIMOŽ ROGLIČ,SAM BENNETT,EGAN BERNAL GOMEZ,BENOIT COSNEFROY
12.0,,2020,PRIMOŽ ROGLIČ,SAM BENNETT,EGAN BERNAL GOMEZ,BENOIT COSNEFROY
13.0,,2020,PRIMOŽ ROGLIČ,SAM BENNETT,TADEJ POGAČAR,BENOIT COSNEFROY
14.0,,2020,PRIMOŽ ROGLIČ,SAM BENNETT,TADEJ POGAČAR,BENOIT COSNEFROY
15.0,,2020,PRIMOŽ ROGLIČ,SAM BENNETT,TADEJ POGAČAR,BENOIT COSNEFROY
16.0,,2020,PRIMOŽ ROGLIČ,SAM BENNETT,TADEJ POGAČAR,BENOIT COSNEFROY
17.0,,2020,PRIMOŽ ROGLIČ,SAM BENNETT,ENRIC MAS NICOLAU,TADEJ POGAČAR
18.0,,2020,PRIMOŽ ROGLIČ,SAM BENNETT,TADEJ POGAČAR,RICHARD CARAPAZ
19.0,,2020,PRIMOŽ ROGLIČ,SAM BENNETT,TADEJ POGAČAR,RICHARD CARAPAZ
20.0,,2020,TADEJ POGAČAR,SAM BENNETT,ENRIC MAS NICOLAU,RICHARD CARAPAZ
21.0,,2020,TADEJ POGAČAR,SAM BENNETT,TADEJ POGAČAR,TADEJ POGAČAR
1.0,,2021,JULIAN ALAPHILIPPE,MICHAEL MATTHEWS,TADEJ POGAČAR,IDE SCHELLING
2.0,,2021,MATHIEU VAN DER POEL,JULIAN ALAPHILIPPE,TADEJ POGAČAR,IDE SCHELLING
3.0,,2021,MATHIEU VAN DER POEL,JULIAN ALAPHILIPPE,TADEJ POGAČAR,IDE SCHELLING
4.0,,2021,MATHIEU VAN DER POEL,MARK CAVENDISH,TADEJ POGAČAR,IDE SCHELLING
5.0,,2021,MATHIEU VAN DER POEL,MARK CAVENDISH,TADEJ POGAČAR,IDE SCHELLING
6.0,,2021,MATHIEU VAN DER POEL,MARK CAVENDISH,TADEJ POGAČAR,IDE SCHELLING
7.0,,2021,MATHIEU VAN DER POEL,MARK CAVENDISH,TADEJ POGAČAR,MATEJ MOHORIC
8.0,,2021,TADEJ POGAČAR,MARK CAVENDISH,JONAS VINGEGAARD,WOUTER POELS
9.0,,2021,TADEJ POGAČAR,MARK CAVENDISH,JONAS VINGEGAARD,NAIRO QUINTANA
10.0,,2021,TADEJ POGAČAR,MARK CAVENDISH,JONAS VINGEGAARD,NAIRO QUINTANA
11.0,,2021,TADEJ POGAČAR,MARK CAVENDISH,JONAS VINGEGAARD,NAIRO QUINTANA
12.0,,2021,TADEJ POGAČAR,MARK CAVENDISH,JONAS VINGEGAARD,NAIRO QUINTANA
13.0,,2021,TADEJ POGAČAR,MARK CAVENDISH,JONAS VINGEGAARD,NAIRO QUINTANA
14.0,,2021,TADEJ POGAČAR,MARK CAVENDISH,JONAS VINGEGAARD,MICHAEL WOODS
15.0,,2021,TADEJ POGAČAR,MARK CAVENDISH,JONAS VINGEGAARD,WOUTER POELS
16.0,,2021,TADEJ POGAČAR,MARK CAVENDISH,JONAS VINGEGAARD,WOUTER POELS
17.0,,2021,TADEJ POGAČAR,MARK CAVENDISH,JONAS VINGEGAARD,WOUTER POELS
18.0,,2021,TADEJ POGAČAR,MARK CAVENDISH,JONAS VINGEGAARD,WOUTER POELS
19.0,,2021,TADEJ POGAČAR,MARK CAVENDISH,JONAS VINGEGAARD,WOUTER POELS
20.0,,2021,TADEJ POGAČAR,MARK CAVENDISH,JONAS VINGEGAARD,WOUTER POELS
21.0,,2021,TADEJ POGAČAR,MARK CAVENDISH,TADEJ POGAČAR,TADEJ POGAČAR
1.0,,2022,YVES LAMPAERT,WOUT VAN AERT,TADEJ POGAČAR,
2.0,,2022,WOUT VAN AERT,FABIO JAKOBSEN,TADEJ POGAČAR,MAGNUS CORT NIELSEN
3.0,,2022,WOUT VAN AERT,FABIO JAKOBSEN,TADEJ POGAČAR,MAGNUS CORT NIELSEN
1.0,,2022,WOUT VAN AERT,FABIO JAKOBSEN,TADEJ POGAČAR,MAGNUS CORT NIELSEN
4.0,,2022,WOUT VAN AERT,FABIO JAKOBSEN,TADEJ POGAČAR,MAGNUS CORT NIELSEN
5.0,,2022,WOUT VAN AERT,FABIO JAKOBSEN,TADEJ POGAČAR,MAGNUS CORT NIELSEN
6.0,,2022,TADEJ POGAČAR,WOUT VAN AERT,THOMAS PIDCOCK,MAGNUS CORT NIELSEN
7.0,,2022,TADEJ POGAČAR,WOUT VAN AERT,THOMAS PIDCOCK,MAGNUS CORT NIELSEN
8.0,,2022,TADEJ POGAČAR,WOUT VAN AERT,THOMAS PIDCOCK,MAGNUS CORT NIELSEN
9.0,,2022,TADEJ POGAČAR,WOUT VAN AERT,THOMAS PIDCOCK,SIMON GESCHKE
10.0,,2022,TADEJ POGAČAR,WOUT VAN AERT,THOMAS PIDCOCK,SIMON GESCHKE
11.0,,2022,JONAS VINGEGAARD,WOUT VAN AERT,TADEJ POGAČAR,SIMON GESCHKE
12.0,,2022,JONAS VINGEGAARD,WOUT VAN AERT,TADEJ POGAČAR,SIMON GESCHKE
13.0,,2022,JONAS VINGEGAARD,WOUT VAN AERT,TADEJ POGAČAR,SIMON GESCHKE
14.0,,2022,JONAS VINGEGAARD,WOUT VAN AERT,TADEJ POGAČAR,SIMON GESCHKE
15.0,,2022,JONAS VINGEGAARD,WOUT VAN AERT,TADEJ POGAČAR,SIMON GESCHKE
16.0,,2022,JONAS VINGEGAARD,WOUT VAN AERT,TADEJ POGAČAR,SIMON GESCHKE
17.0,,2022,JONAS VINGEGAARD,WOUT VAN AERT,TADEJ POGAČAR,SIMON GESCHKE
18.0,,2022,JONAS VINGEGAARD,WOUT VAN AERT,TADEJ POGAČAR,SIMON GESCHKE
19.0,,2022,JONAS VINGEGAARD,WOUT VAN AERT,TADEJ POGAČAR,SIMON GESCHKE
20.0,,2022,JONAS VINGEGAARD,WOUT VAN AERT,TADEJ POGAČAR,SIMON GESCHKE
21.0,,2022,JONAS VINGEGAARD,WOUT VAN AERT,TADEJ POGAČAR,JONAS VINGEGAARD
